solid OpenSCAD_Model
  facet normal -1 0 0
    outer loop
      vertex -25.5 0 4
      vertex -25.5 1.3071 24.941
      vertex -25.5 0.209631 4
    endloop
  endfacet
  facet normal -1 -0 0
    outer loop
      vertex -25.5 1.3071 24.941
      vertex -25.5 0 4
      vertex -25.5 0 26.685
    endloop
  endfacet
  facet normal -1 0 0
    outer loop
      vertex -25.5 17.0021 4
      vertex -25.5 2.71306 4
      vertex -25.5 3.64692 21.8191
    endloop
  endfacet
  facet normal 0 0 -1
    outer loop
      vertex 26 2.50343 0
      vertex 18.7 10 0
      vertex 26 22 0
    endloop
  endfacet
  facet normal 0 0 -1
    outer loop
      vertex 26 2.50343 0
      vertex 18.6855 9.7781 0
      vertex 18.7 10 0
    endloop
  endfacet
  facet normal 0 0 -1
    outer loop
      vertex 26 2.50343 0
      vertex 18.6421 9.56001 0
      vertex 18.6855 9.7781 0
    endloop
  endfacet
  facet normal 0 0 -1
    outer loop
      vertex 26 2.50343 0
      vertex 18.5706 9.34944 0
      vertex 18.6421 9.56001 0
    endloop
  endfacet
  facet normal 0 0 -1
    outer loop
      vertex 26 2.50343 0
      vertex 18.4722 9.15 0
      vertex 18.5706 9.34944 0
    endloop
  endfacet
  facet normal 0 0 -1
    outer loop
      vertex 26 2.50343 0
      vertex 18.3487 8.96511 0
      vertex 18.4722 9.15 0
    endloop
  endfacet
  facet normal 0 0 -1
    outer loop
      vertex 26 2.50343 0
      vertex 18.2021 8.79792 0
      vertex 18.3487 8.96511 0
    endloop
  endfacet
  facet normal 0 0 -1
    outer loop
      vertex 26 2.50343 0
      vertex 18.0349 8.6513 0
      vertex 18.2021 8.79792 0
    endloop
  endfacet
  facet normal 0 0 -1
    outer loop
      vertex 26 2.50343 0
      vertex 17.85 8.52776 0
      vertex 18.0349 8.6513 0
    endloop
  endfacet
  facet normal 0 0 -1
    outer loop
      vertex 26 2.50343 0
      vertex 17.6506 8.4294 0
      vertex 17.85 8.52776 0
    endloop
  endfacet
  facet normal 0 0 -1
    outer loop
      vertex 26 2.50343 0
      vertex 17.44 8.35793 0
      vertex 17.6506 8.4294 0
    endloop
  endfacet
  facet normal 0 0 -1
    outer loop
      vertex 26 2.50343 0
      vertex 17.2219 8.31454 0
      vertex 17.44 8.35793 0
    endloop
  endfacet
  facet normal 0 0 -1
    outer loop
      vertex 26 2.50343 0
      vertex 17 8.3 0
      vertex 17.2219 8.31454 0
    endloop
  endfacet
  facet normal 0 0 -1
    outer loop
      vertex 26 2.50343 0
      vertex 16.7781 8.31454 0
      vertex 17 8.3 0
    endloop
  endfacet
  facet normal 0 0 -1
    outer loop
      vertex 26 2.50343 0
      vertex 16.56 8.35793 0
      vertex 16.7781 8.31454 0
    endloop
  endfacet
  facet normal 0 0 -1
    outer loop
      vertex 26 2.50343 0
      vertex 16.3494 8.4294 0
      vertex 16.56 8.35793 0
    endloop
  endfacet
  facet normal 0 0 -1
    outer loop
      vertex -16.3494 8.4294 0
      vertex 16.3494 8.4294 0
      vertex 26 2.50343 0
    endloop
  endfacet
  facet normal 0 0 -1
    outer loop
      vertex 15.3 10 0
      vertex -15.3 10 0
      vertex 15.3 18 0
    endloop
  endfacet
  facet normal 0 0 -1
    outer loop
      vertex 15.3145 9.7781 0
      vertex -15.3 10 0
      vertex 15.3 10 0
    endloop
  endfacet
  facet normal 0 0 -1
    outer loop
      vertex -15.3145 9.7781 0
      vertex 15.3145 9.7781 0
      vertex 15.3579 9.56001 0
    endloop
  endfacet
  facet normal 0 0 -1
    outer loop
      vertex -15.3579 9.56001 0
      vertex 15.3579 9.56001 0
      vertex 15.4294 9.34944 0
    endloop
  endfacet
  facet normal 0 0 -1
    outer loop
      vertex -15.4294 9.34944 0
      vertex 15.4294 9.34944 0
      vertex 15.5278 9.15 0
    endloop
  endfacet
  facet normal 0 0 -1
    outer loop
      vertex -15.5278 9.15 0
      vertex 15.5278 9.15 0
      vertex 15.6513 8.96511 0
    endloop
  endfacet
  facet normal 0 0 -1
    outer loop
      vertex -15.6513 8.96511 0
      vertex 15.6513 8.96511 0
      vertex 15.7979 8.79792 0
    endloop
  endfacet
  facet normal 0 0 -1
    outer loop
      vertex -15.7979 8.79792 0
      vertex 15.7979 8.79792 0
      vertex 15.9651 8.6513 0
    endloop
  endfacet
  facet normal 0 0 -1
    outer loop
      vertex -15.9651 8.6513 0
      vertex 15.9651 8.6513 0
      vertex 16.15 8.52776 0
    endloop
  endfacet
  facet normal 0 0 -1
    outer loop
      vertex 16.3494 8.4294 0
      vertex -16.3494 8.4294 0
      vertex 16.15 8.52776 0
    endloop
  endfacet
  facet normal 0 0 -1
    outer loop
      vertex 15.3145 9.7781 0
      vertex -15.3145 9.7781 0
      vertex -15.3 10 0
    endloop
  endfacet
  facet normal 0 0 -1
    outer loop
      vertex 15.3579 9.56001 0
      vertex -15.3579 9.56001 0
      vertex -15.3145 9.7781 0
    endloop
  endfacet
  facet normal 0 0 -1
    outer loop
      vertex 15.4294 9.34944 0
      vertex -15.4294 9.34944 0
      vertex -15.3579 9.56001 0
    endloop
  endfacet
  facet normal 0 0 -1
    outer loop
      vertex 15.5278 9.15 0
      vertex -15.5278 9.15 0
      vertex -15.4294 9.34944 0
    endloop
  endfacet
  facet normal 0 0 -1
    outer loop
      vertex 15.6513 8.96511 0
      vertex -15.6513 8.96511 0
      vertex -15.5278 9.15 0
    endloop
  endfacet
  facet normal 0 0 -1
    outer loop
      vertex 15.7979 8.79792 0
      vertex -15.7979 8.79792 0
      vertex -15.6513 8.96511 0
    endloop
  endfacet
  facet normal 0 0 -1
    outer loop
      vertex 15.9651 8.6513 0
      vertex -15.9651 8.6513 0
      vertex -15.7979 8.79792 0
    endloop
  endfacet
  facet normal 0 0 -1
    outer loop
      vertex 16.15 8.52776 0
      vertex -16.15 8.52776 0
      vertex -15.9651 8.6513 0
    endloop
  endfacet
  facet normal -0 0 -1
    outer loop
      vertex 16.15 8.52776 0
      vertex -16.3494 8.4294 0
      vertex -16.15 8.52776 0
    endloop
  endfacet
  facet normal 0 0 -1
    outer loop
      vertex -26 2.50343 0
      vertex -16.3494 8.4294 0
      vertex 26 2.50343 0
    endloop
  endfacet
  facet normal 0 0 -1
    outer loop
      vertex -16.3494 8.4294 0
      vertex -26 2.50343 0
      vertex -16.56 8.35793 0
    endloop
  endfacet
  facet normal 0 0 -1
    outer loop
      vertex -16.56 8.35793 0
      vertex -26 2.50343 0
      vertex -16.7781 8.31454 0
    endloop
  endfacet
  facet normal 0 0 -1
    outer loop
      vertex -16.7781 8.31454 0
      vertex -26 2.50343 0
      vertex -17 8.3 0
    endloop
  endfacet
  facet normal 0 0 -1
    outer loop
      vertex -26 22 0
      vertex -18.7 10 0
      vertex -26 2.50343 0
    endloop
  endfacet
  facet normal -0 0 -1
    outer loop
      vertex -18.6855 9.7781 0
      vertex -26 2.50343 0
      vertex -18.7 10 0
    endloop
  endfacet
  facet normal -0 0 -1
    outer loop
      vertex -18.6421 9.56001 0
      vertex -26 2.50343 0
      vertex -18.6855 9.7781 0
    endloop
  endfacet
  facet normal -0 0 -1
    outer loop
      vertex -18.5706 9.34944 0
      vertex -26 2.50343 0
      vertex -18.6421 9.56001 0
    endloop
  endfacet
  facet normal -0 0 -1
    outer loop
      vertex -18.4722 9.15 0
      vertex -26 2.50343 0
      vertex -18.5706 9.34944 0
    endloop
  endfacet
  facet normal -0 0 -1
    outer loop
      vertex -18.3487 8.96511 0
      vertex -26 2.50343 0
      vertex -18.4722 9.15 0
    endloop
  endfacet
  facet normal -0 0 -1
    outer loop
      vertex -18.2021 8.79792 0
      vertex -26 2.50343 0
      vertex -18.3487 8.96511 0
    endloop
  endfacet
  facet normal -0 0 -1
    outer loop
      vertex -18.0349 8.6513 0
      vertex -26 2.50343 0
      vertex -18.2021 8.79792 0
    endloop
  endfacet
  facet normal -0 0 -1
    outer loop
      vertex -17.85 8.52776 0
      vertex -26 2.50343 0
      vertex -18.0349 8.6513 0
    endloop
  endfacet
  facet normal -0 0 -1
    outer loop
      vertex -17.6506 8.4294 0
      vertex -26 2.50343 0
      vertex -17.85 8.52776 0
    endloop
  endfacet
  facet normal -0 0 -1
    outer loop
      vertex -17.44 8.35793 0
      vertex -26 2.50343 0
      vertex -17.6506 8.4294 0
    endloop
  endfacet
  facet normal -0 0 -1
    outer loop
      vertex -17.2219 8.31454 0
      vertex -26 2.50343 0
      vertex -17.44 8.35793 0
    endloop
  endfacet
  facet normal -0 0 -1
    outer loop
      vertex -17 8.3 0
      vertex -26 2.50343 0
      vertex -17.2219 8.31454 0
    endloop
  endfacet
  facet normal 0 0 -1
    outer loop
      vertex 18.7 18 0
      vertex 26 22 0
      vertex 18.7 10 0
    endloop
  endfacet
  facet normal 0 0 -1
    outer loop
      vertex 18.6855 18.2219 0
      vertex 26 22 0
      vertex 18.7 18 0
    endloop
  endfacet
  facet normal 0 0 -1
    outer loop
      vertex 18.6421 18.44 0
      vertex 26 22 0
      vertex 18.6855 18.2219 0
    endloop
  endfacet
  facet normal 0 0 -1
    outer loop
      vertex 18.5706 18.6506 0
      vertex 26 22 0
      vertex 18.6421 18.44 0
    endloop
  endfacet
  facet normal 0 0 -1
    outer loop
      vertex 18.4722 18.85 0
      vertex 26 22 0
      vertex 18.5706 18.6506 0
    endloop
  endfacet
  facet normal 0 0 -1
    outer loop
      vertex 18.3487 19.0349 0
      vertex 26 22 0
      vertex 18.4722 18.85 0
    endloop
  endfacet
  facet normal 0 0 -1
    outer loop
      vertex 18.2021 19.2021 0
      vertex 26 22 0
      vertex 18.3487 19.0349 0
    endloop
  endfacet
  facet normal 0 0 -1
    outer loop
      vertex 18.0349 19.3487 0
      vertex 26 22 0
      vertex 18.2021 19.2021 0
    endloop
  endfacet
  facet normal 0 0 -1
    outer loop
      vertex 17.85 19.4722 0
      vertex 26 22 0
      vertex 18.0349 19.3487 0
    endloop
  endfacet
  facet normal 0 0 -1
    outer loop
      vertex 17.6506 19.5706 0
      vertex 26 22 0
      vertex 17.85 19.4722 0
    endloop
  endfacet
  facet normal 0 0 -1
    outer loop
      vertex 17.44 19.6421 0
      vertex 26 22 0
      vertex 17.6506 19.5706 0
    endloop
  endfacet
  facet normal 0 0 -1
    outer loop
      vertex 17.2219 19.6855 0
      vertex 26 22 0
      vertex 17.44 19.6421 0
    endloop
  endfacet
  facet normal 0 0 -1
    outer loop
      vertex 17 19.7 0
      vertex 26 22 0
      vertex 17.2219 19.6855 0
    endloop
  endfacet
  facet normal 0 0 -1
    outer loop
      vertex 16.7781 19.6855 0
      vertex 26 22 0
      vertex 17 19.7 0
    endloop
  endfacet
  facet normal 0 0 -1
    outer loop
      vertex 16.56 19.6421 0
      vertex 26 22 0
      vertex 16.7781 19.6855 0
    endloop
  endfacet
  facet normal 0 0 -1
    outer loop
      vertex -15.3 18 0
      vertex 15.3 18 0
      vertex -15.3 10 0
    endloop
  endfacet
  facet normal 0 0 -1
    outer loop
      vertex 15.3 18 0
      vertex -15.3 18 0
      vertex 15.3145 18.2219 0
    endloop
  endfacet
  facet normal 0 0 -1
    outer loop
      vertex -15.3145 18.2219 0
      vertex 15.3145 18.2219 0
      vertex -15.3 18 0
    endloop
  endfacet
  facet normal 0 0 -1
    outer loop
      vertex 15.3145 18.2219 0
      vertex -15.3145 18.2219 0
      vertex 15.3579 18.44 0
    endloop
  endfacet
  facet normal 0 0 -1
    outer loop
      vertex -15.3579 18.44 0
      vertex 15.3579 18.44 0
      vertex -15.3145 18.2219 0
    endloop
  endfacet
  facet normal 0 0 -1
    outer loop
      vertex 15.3579 18.44 0
      vertex -15.3579 18.44 0
      vertex 15.4294 18.6506 0
    endloop
  endfacet
  facet normal 0 0 -1
    outer loop
      vertex -15.4294 18.6506 0
      vertex 15.4294 18.6506 0
      vertex -15.3579 18.44 0
    endloop
  endfacet
  facet normal 0 0 -1
    outer loop
      vertex 15.4294 18.6506 0
      vertex -15.4294 18.6506 0
      vertex 15.5278 18.85 0
    endloop
  endfacet
  facet normal 0 0 -1
    outer loop
      vertex -15.5278 18.85 0
      vertex 15.5278 18.85 0
      vertex -15.4294 18.6506 0
    endloop
  endfacet
  facet normal 0 0 -1
    outer loop
      vertex 15.5278 18.85 0
      vertex -15.5278 18.85 0
      vertex 15.6513 19.0349 0
    endloop
  endfacet
  facet normal 0 0 -1
    outer loop
      vertex -15.6513 19.0349 0
      vertex 15.6513 19.0349 0
      vertex -15.5278 18.85 0
    endloop
  endfacet
  facet normal 0 0 -1
    outer loop
      vertex 15.6513 19.0349 0
      vertex -15.6513 19.0349 0
      vertex 15.7979 19.2021 0
    endloop
  endfacet
  facet normal 0 0 -1
    outer loop
      vertex -15.7979 19.2021 0
      vertex 15.7979 19.2021 0
      vertex -15.6513 19.0349 0
    endloop
  endfacet
  facet normal 0 0 -1
    outer loop
      vertex 15.7979 19.2021 0
      vertex -15.7979 19.2021 0
      vertex 15.9651 19.3487 0
    endloop
  endfacet
  facet normal 0 0 -1
    outer loop
      vertex -15.9651 19.3487 0
      vertex 15.9651 19.3487 0
      vertex -15.7979 19.2021 0
    endloop
  endfacet
  facet normal 0 0 -1
    outer loop
      vertex 15.9651 19.3487 0
      vertex -15.9651 19.3487 0
      vertex 16.15 19.4722 0
    endloop
  endfacet
  facet normal 0 0 -1
    outer loop
      vertex -16.15 19.4722 0
      vertex 16.15 19.4722 0
      vertex -15.9651 19.3487 0
    endloop
  endfacet
  facet normal 0 0 -1
    outer loop
      vertex 16.15 19.4722 0
      vertex -16.15 19.4722 0
      vertex 16.3494 19.5706 0
    endloop
  endfacet
  facet normal 0 0 -1
    outer loop
      vertex -16.3494 19.5706 0
      vertex 16.3494 19.5706 0
      vertex -16.15 19.4722 0
    endloop
  endfacet
  facet normal 0 0 -1
    outer loop
      vertex 16.3494 19.5706 0
      vertex -16.3494 19.5706 0
      vertex 16.56 19.6421 0
    endloop
  endfacet
  facet normal 0 0 -1
    outer loop
      vertex -16.56 19.6421 0
      vertex 16.56 19.6421 0
      vertex -16.3494 19.5706 0
    endloop
  endfacet
  facet normal 0 0 -1
    outer loop
      vertex 16.56 19.6421 0
      vertex -16.56 19.6421 0
      vertex 26 22 0
    endloop
  endfacet
  facet normal 0 0 -1
    outer loop
      vertex -16.7781 19.6855 0
      vertex 26 22 0
      vertex -16.56 19.6421 0
    endloop
  endfacet
  facet normal 0 0 -1
    outer loop
      vertex -26 22 0
      vertex -16.7781 19.6855 0
      vertex -17 19.7 0
    endloop
  endfacet
  facet normal 0 0 -1
    outer loop
      vertex -18.7 10 0
      vertex -26 22 0
      vertex -18.7 18 0
    endloop
  endfacet
  facet normal 0 0 -1
    outer loop
      vertex -18.7 18 0
      vertex -26 22 0
      vertex -18.6855 18.2219 0
    endloop
  endfacet
  facet normal 0 0 -1
    outer loop
      vertex -18.6855 18.2219 0
      vertex -26 22 0
      vertex -18.6421 18.44 0
    endloop
  endfacet
  facet normal 0 0 -1
    outer loop
      vertex -16.7781 19.6855 0
      vertex -26 22 0
      vertex 26 22 0
    endloop
  endfacet
  facet normal 0 0 -1
    outer loop
      vertex -17.2219 19.6855 0
      vertex -26 22 0
      vertex -17 19.7 0
    endloop
  endfacet
  facet normal 0 0 -1
    outer loop
      vertex -17.44 19.6421 0
      vertex -26 22 0
      vertex -17.2219 19.6855 0
    endloop
  endfacet
  facet normal 0 0 -1
    outer loop
      vertex -17.6506 19.5706 0
      vertex -26 22 0
      vertex -17.44 19.6421 0
    endloop
  endfacet
  facet normal 0 0 -1
    outer loop
      vertex -17.85 19.4722 0
      vertex -26 22 0
      vertex -17.6506 19.5706 0
    endloop
  endfacet
  facet normal 0 0 -1
    outer loop
      vertex -18.0349 19.3487 0
      vertex -26 22 0
      vertex -17.85 19.4722 0
    endloop
  endfacet
  facet normal 0 0 -1
    outer loop
      vertex -18.2021 19.2021 0
      vertex -26 22 0
      vertex -18.0349 19.3487 0
    endloop
  endfacet
  facet normal 0 0 -1
    outer loop
      vertex -18.3487 19.0349 0
      vertex -26 22 0
      vertex -18.2021 19.2021 0
    endloop
  endfacet
  facet normal 0 0 -1
    outer loop
      vertex -18.4722 18.85 0
      vertex -26 22 0
      vertex -18.3487 19.0349 0
    endloop
  endfacet
  facet normal 0 0 -1
    outer loop
      vertex -18.5706 18.6506 0
      vertex -26 22 0
      vertex -18.4722 18.85 0
    endloop
  endfacet
  facet normal 0 0 -1
    outer loop
      vertex -18.6421 18.44 0
      vertex -26 22 0
      vertex -18.5706 18.6506 0
    endloop
  endfacet
  facet normal 1 0 0
    outer loop
      vertex -22.5 0 4
      vertex -22.5 1.3071 24.941
      vertex -22.5 0 26.685
    endloop
  endfacet
  facet normal 1 0 0
    outer loop
      vertex -22.5 1.3071 24.941
      vertex -22.5 0 4
      vertex -22.5 0.209631 4
    endloop
  endfacet
  facet normal 1 0 0
    outer loop
      vertex -22.5 3.64692 21.8191
      vertex -22.5 2.71306 4
      vertex -22.5 17.0021 4
    endloop
  endfacet
  facet normal 0 0.800198 0.599736
    outer loop
      vertex -22.5 1.3071 24.941
      vertex -25.5 0 26.685
      vertex -22.5 0 26.685
    endloop
  endfacet
  facet normal 0 0.800198 0.599736
    outer loop
      vertex -25.5 0 26.685
      vertex -22.5 1.3071 24.941
      vertex -25.5 1.3071 24.941
    endloop
  endfacet
  facet normal 0 0.800197 0.599737
    outer loop
      vertex -22.5 17.0021 4
      vertex -25.5 3.64692 21.8191
      vertex -22.5 3.64692 21.8191
    endloop
  endfacet
  facet normal 0 0.800197 0.599737
    outer loop
      vertex -25.5 3.64692 21.8191
      vertex -22.5 17.0021 4
      vertex -25.5 17.0021 4
    endloop
  endfacet
  facet normal 0 -1 0
    outer loop
      vertex -26 0 0
      vertex -25.5 0 4
      vertex -26 0 4
    endloop
  endfacet
  facet normal 0 -1 -0
    outer loop
      vertex -25.5 0 4
      vertex -26 0 0
      vertex -22.5 0 4
    endloop
  endfacet
  facet normal 0 -1 -0
    outer loop
      vertex -22.5 0 4
      vertex -26 0 0
      vertex 22.5 0 4
    endloop
  endfacet
  facet normal 0 -1 0
    outer loop
      vertex 26 0 0
      vertex 22.5 0 4
      vertex -26 0 0
    endloop
  endfacet
  facet normal 0 -1 0
    outer loop
      vertex 22.5 0 4
      vertex 26 0 0
      vertex 25.5 0 4
    endloop
  endfacet
  facet normal 0 -1 0
    outer loop
      vertex 25.5 0 4
      vertex 26 0 0
      vertex 26 0 4
    endloop
  endfacet
  facet normal 0 -1 0
    outer loop
      vertex -25.5 0 4
      vertex -22.5 0 26.685
      vertex -25.5 0 26.685
    endloop
  endfacet
  facet normal 0 -1 -0
    outer loop
      vertex -22.5 0 26.685
      vertex -25.5 0 4
      vertex -22.5 0 4
    endloop
  endfacet
  facet normal 0 -1 0
    outer loop
      vertex 22.5 0 4
      vertex 25.5 0 26.685
      vertex 22.5 0 26.685
    endloop
  endfacet
  facet normal 0 -1 -0
    outer loop
      vertex 25.5 0 26.685
      vertex 22.5 0 4
      vertex 25.5 0 4
    endloop
  endfacet
  facet normal -1 0 0
    outer loop
      vertex 22.5 0 4
      vertex 22.5 1.3071 24.941
      vertex 22.5 0.209631 4
    endloop
  endfacet
  facet normal -1 -0 0
    outer loop
      vertex 22.5 1.3071 24.941
      vertex 22.5 0 4
      vertex 22.5 0 26.685
    endloop
  endfacet
  facet normal -1 0 0
    outer loop
      vertex 22.5 17.0021 4
      vertex 22.5 2.71306 4
      vertex 22.5 3.64692 21.8191
    endloop
  endfacet
  facet normal 1 0 0
    outer loop
      vertex 25.5 0 4
      vertex 25.5 1.3071 24.941
      vertex 25.5 0 26.685
    endloop
  endfacet
  facet normal 1 0 0
    outer loop
      vertex 25.5 1.3071 24.941
      vertex 25.5 0 4
      vertex 25.5 0.209631 4
    endloop
  endfacet
  facet normal 1 0 0
    outer loop
      vertex 25.5 3.64692 21.8191
      vertex 25.5 2.71306 4
      vertex 25.5 17.0021 4
    endloop
  endfacet
  facet normal 0 0.800198 0.599736
    outer loop
      vertex 25.5 1.3071 24.941
      vertex 22.5 0 26.685
      vertex 25.5 0 26.685
    endloop
  endfacet
  facet normal 0 0.800198 0.599736
    outer loop
      vertex 22.5 0 26.685
      vertex 25.5 1.3071 24.941
      vertex 22.5 1.3071 24.941
    endloop
  endfacet
  facet normal 0 0.800197 0.599737
    outer loop
      vertex 25.5 17.0021 4
      vertex 22.5 3.64692 21.8191
      vertex 25.5 3.64692 21.8191
    endloop
  endfacet
  facet normal 0 0.800197 0.599737
    outer loop
      vertex 22.5 3.64692 21.8191
      vertex 25.5 17.0021 4
      vertex 22.5 17.0021 4
    endloop
  endfacet
  facet normal 1 0 0
    outer loop
      vertex 26 3.10352 59.2187
      vertex 26 2.71306 4
      vertex 26 5.6001 59.0879
    endloop
  endfacet
  facet normal 1 0 0
    outer loop
      vertex 26 0.209631 4
      vertex 26 2.71306 4
      vertex 26 3.10352 59.2187
    endloop
  endfacet
  facet normal 1 0 0
    outer loop
      vertex 26 2.71306 4
      vertex 26 0.209631 4
      vertex 26 2.50343 0
    endloop
  endfacet
  facet normal 1 0 0
    outer loop
      vertex 26 0 0
      vertex 26 2.50343 0
      vertex 26 0.209631 4
    endloop
  endfacet
  facet normal 1 0 0
    outer loop
      vertex 26 0 0
      vertex 26 0.209631 4
      vertex 26 0 4
    endloop
  endfacet
  facet normal 1 0 0
    outer loop
      vertex 26 2.50343 0
      vertex 26 0 0
      vertex 26 2.49657 -0.130839
    endloop
  endfacet
  facet normal 1 -0 0
    outer loop
      vertex 26 2.71306 4
      vertex 26 22 0
      vertex 26 22 4
    endloop
  endfacet
  facet normal 1 0 0
    outer loop
      vertex 26 22 0
      vertex 26 2.71306 4
      vertex 26 2.50343 0
    endloop
  endfacet
  facet normal 0 0 1
    outer loop
      vertex 26 22 4
      vertex 25.5 17.0021 4
      vertex 26 2.71306 4
    endloop
  endfacet
  facet normal 0 0 1
    outer loop
      vertex 26 22 4
      vertex 22.5 17.0021 4
      vertex 25.5 17.0021 4
    endloop
  endfacet
  facet normal 0 0 1
    outer loop
      vertex 18.7 10 4
      vertex 22.5 17.0021 4
      vertex 18.7 18 4
    endloop
  endfacet
  facet normal -0 0 1
    outer loop
      vertex 18.4722 18.85 4
      vertex 22.5 17.0021 4
      vertex 26 22 4
    endloop
  endfacet
  facet normal 0 0 1
    outer loop
      vertex 22.5 17.0021 4
      vertex 18.6855 18.2219 4
      vertex 18.7 18 4
    endloop
  endfacet
  facet normal 0 0 1
    outer loop
      vertex 22.5 17.0021 4
      vertex 18.6421 18.44 4
      vertex 18.6855 18.2219 4
    endloop
  endfacet
  facet normal 0 0 1
    outer loop
      vertex 22.5 17.0021 4
      vertex 18.5706 18.6506 4
      vertex 18.6421 18.44 4
    endloop
  endfacet
  facet normal 0 0 1
    outer loop
      vertex 22.5 17.0021 4
      vertex 18.4722 18.85 4
      vertex 18.5706 18.6506 4
    endloop
  endfacet
  facet normal 0 0 1
    outer loop
      vertex 26 22 4
      vertex 18.3487 19.0349 4
      vertex 18.4722 18.85 4
    endloop
  endfacet
  facet normal 0 0 1
    outer loop
      vertex 26 22 4
      vertex 18.2021 19.2021 4
      vertex 18.3487 19.0349 4
    endloop
  endfacet
  facet normal 0 0 1
    outer loop
      vertex 26 22 4
      vertex 18.0349 19.3487 4
      vertex 18.2021 19.2021 4
    endloop
  endfacet
  facet normal 0 0 1
    outer loop
      vertex 26 22 4
      vertex 17.85 19.4722 4
      vertex 18.0349 19.3487 4
    endloop
  endfacet
  facet normal 0 0 1
    outer loop
      vertex 26 22 4
      vertex 17.6506 19.5706 4
      vertex 17.85 19.4722 4
    endloop
  endfacet
  facet normal 0 0 1
    outer loop
      vertex 26 22 4
      vertex 17.44 19.6421 4
      vertex 17.6506 19.5706 4
    endloop
  endfacet
  facet normal 0 0 1
    outer loop
      vertex 26 22 4
      vertex 17.2219 19.6855 4
      vertex 17.44 19.6421 4
    endloop
  endfacet
  facet normal 0 0 1
    outer loop
      vertex 26 22 4
      vertex 17 19.7 4
      vertex 17.2219 19.6855 4
    endloop
  endfacet
  facet normal 0 0 1
    outer loop
      vertex 26 22 4
      vertex 16.7781 19.6855 4
      vertex 17 19.7 4
    endloop
  endfacet
  facet normal 0 0 1
    outer loop
      vertex 26 22 4
      vertex 16.56 19.6421 4
      vertex 16.7781 19.6855 4
    endloop
  endfacet
  facet normal 0 0 1
    outer loop
      vertex 15.3 18 4
      vertex -15.3 18 4
      vertex 15.3 10 4
    endloop
  endfacet
  facet normal 0 0 1
    outer loop
      vertex 15.3145 18.2219 4
      vertex -15.3 18 4
      vertex 15.3 18 4
    endloop
  endfacet
  facet normal 0 0 1
    outer loop
      vertex -15.3145 18.2219 4
      vertex 15.3145 18.2219 4
      vertex 15.3579 18.44 4
    endloop
  endfacet
  facet normal 0 0 1
    outer loop
      vertex -15.3579 18.44 4
      vertex 15.3579 18.44 4
      vertex 15.4294 18.6506 4
    endloop
  endfacet
  facet normal 0 0 1
    outer loop
      vertex -15.4294 18.6506 4
      vertex 15.4294 18.6506 4
      vertex 15.5278 18.85 4
    endloop
  endfacet
  facet normal 0 0 1
    outer loop
      vertex -15.5278 18.85 4
      vertex 15.5278 18.85 4
      vertex 15.6513 19.0349 4
    endloop
  endfacet
  facet normal 0 0 1
    outer loop
      vertex -15.6513 19.0349 4
      vertex 15.6513 19.0349 4
      vertex 15.7979 19.2021 4
    endloop
  endfacet
  facet normal 0 0 1
    outer loop
      vertex -15.7979 19.2021 4
      vertex 15.7979 19.2021 4
      vertex 15.9651 19.3487 4
    endloop
  endfacet
  facet normal 0 0 1
    outer loop
      vertex -15.9651 19.3487 4
      vertex 15.9651 19.3487 4
      vertex 16.15 19.4722 4
    endloop
  endfacet
  facet normal 0 0 1
    outer loop
      vertex -16.15 19.4722 4
      vertex 16.15 19.4722 4
      vertex 16.3494 19.5706 4
    endloop
  endfacet
  facet normal 0 0 1
    outer loop
      vertex -16.3494 19.5706 4
      vertex 16.3494 19.5706 4
      vertex 16.56 19.6421 4
    endloop
  endfacet
  facet normal 0 0 1
    outer loop
      vertex -16.56 19.6421 4
      vertex 16.56 19.6421 4
      vertex 26 22 4
    endloop
  endfacet
  facet normal 0 0 1
    outer loop
      vertex 15.3145 18.2219 4
      vertex -15.3145 18.2219 4
      vertex -15.3 18 4
    endloop
  endfacet
  facet normal 0 0 1
    outer loop
      vertex 15.3579 18.44 4
      vertex -15.3579 18.44 4
      vertex -15.3145 18.2219 4
    endloop
  endfacet
  facet normal 0 0 1
    outer loop
      vertex 15.4294 18.6506 4
      vertex -15.4294 18.6506 4
      vertex -15.3579 18.44 4
    endloop
  endfacet
  facet normal 0 0 1
    outer loop
      vertex 15.5278 18.85 4
      vertex -15.5278 18.85 4
      vertex -15.4294 18.6506 4
    endloop
  endfacet
  facet normal 0 0 1
    outer loop
      vertex 15.6513 19.0349 4
      vertex -15.6513 19.0349 4
      vertex -15.5278 18.85 4
    endloop
  endfacet
  facet normal 0 0 1
    outer loop
      vertex 15.7979 19.2021 4
      vertex -15.7979 19.2021 4
      vertex -15.6513 19.0349 4
    endloop
  endfacet
  facet normal 0 0 1
    outer loop
      vertex 15.9651 19.3487 4
      vertex -15.9651 19.3487 4
      vertex -15.7979 19.2021 4
    endloop
  endfacet
  facet normal 0 0 1
    outer loop
      vertex 16.15 19.4722 4
      vertex -16.15 19.4722 4
      vertex -15.9651 19.3487 4
    endloop
  endfacet
  facet normal 0 0 1
    outer loop
      vertex 16.3494 19.5706 4
      vertex -16.3494 19.5706 4
      vertex -16.15 19.4722 4
    endloop
  endfacet
  facet normal 0 0 1
    outer loop
      vertex 16.56 19.6421 4
      vertex -16.56 19.6421 4
      vertex -16.3494 19.5706 4
    endloop
  endfacet
  facet normal 0 0 1
    outer loop
      vertex 26 22 4
      vertex -16.7781 19.6855 4
      vertex -16.56 19.6421 4
    endloop
  endfacet
  facet normal -0 0 1
    outer loop
      vertex -26 22 4
      vertex -16.7781 19.6855 4
      vertex 26 22 4
    endloop
  endfacet
  facet normal 0 0 1
    outer loop
      vertex -18.7 18 4
      vertex -22.5 17.0021 4
      vertex -18.7 10 4
    endloop
  endfacet
  facet normal 0 0 1
    outer loop
      vertex -18.6855 18.2219 4
      vertex -22.5 17.0021 4
      vertex -18.7 18 4
    endloop
  endfacet
  facet normal 0 0 1
    outer loop
      vertex -18.6421 18.44 4
      vertex -22.5 17.0021 4
      vertex -18.6855 18.2219 4
    endloop
  endfacet
  facet normal 0 0 1
    outer loop
      vertex -18.5706 18.6506 4
      vertex -22.5 17.0021 4
      vertex -18.6421 18.44 4
    endloop
  endfacet
  facet normal 0 0 1
    outer loop
      vertex -18.4722 18.85 4
      vertex -22.5 17.0021 4
      vertex -18.5706 18.6506 4
    endloop
  endfacet
  facet normal 0 0 1
    outer loop
      vertex -26 22 4
      vertex -18.4722 18.85 4
      vertex -18.3487 19.0349 4
    endloop
  endfacet
  facet normal 0 0 1
    outer loop
      vertex -26 22 4
      vertex -18.3487 19.0349 4
      vertex -18.2021 19.2021 4
    endloop
  endfacet
  facet normal 0 0 1
    outer loop
      vertex -26 22 4
      vertex -18.2021 19.2021 4
      vertex -18.0349 19.3487 4
    endloop
  endfacet
  facet normal 0 0 1
    outer loop
      vertex -26 22 4
      vertex -18.0349 19.3487 4
      vertex -17.85 19.4722 4
    endloop
  endfacet
  facet normal 0 0 1
    outer loop
      vertex -18.4722 18.85 4
      vertex -26 22 4
      vertex -22.5 17.0021 4
    endloop
  endfacet
  facet normal 0 0 1
    outer loop
      vertex -26 22 4
      vertex -17.85 19.4722 4
      vertex -17.6506 19.5706 4
    endloop
  endfacet
  facet normal 0 0 1
    outer loop
      vertex -26 22 4
      vertex -17.6506 19.5706 4
      vertex -17.44 19.6421 4
    endloop
  endfacet
  facet normal 0 0 1
    outer loop
      vertex -16.7781 19.6855 4
      vertex -26 22 4
      vertex -17 19.7 4
    endloop
  endfacet
  facet normal 0 0 1
    outer loop
      vertex -26 22 4
      vertex -17.2219 19.6855 4
      vertex -17 19.7 4
    endloop
  endfacet
  facet normal 0 0 1
    outer loop
      vertex -26 22 4
      vertex -17.44 19.6421 4
      vertex -17.2219 19.6855 4
    endloop
  endfacet
  facet normal 0 0 1
    outer loop
      vertex -22.5 17.0021 4
      vertex -26 22 4
      vertex -25.5 17.0021 4
    endloop
  endfacet
  facet normal 0 0 1
    outer loop
      vertex -26 2.71306 4
      vertex -25.5 17.0021 4
      vertex -26 22 4
    endloop
  endfacet
  facet normal 0 0 1
    outer loop
      vertex -25.5 17.0021 4
      vertex -26 2.71306 4
      vertex -25.5 2.71306 4
    endloop
  endfacet
  facet normal 0 0 1
    outer loop
      vertex 26 2.71306 4
      vertex 25.5 17.0021 4
      vertex 25.5 2.71306 4
    endloop
  endfacet
  facet normal 0 0 1
    outer loop
      vertex 22.5 17.0021 4
      vertex 18.7 10 4
      vertex 22.5 2.71306 4
    endloop
  endfacet
  facet normal -0 0 1
    outer loop
      vertex 18.6855 9.7781 4
      vertex 22.5 2.71306 4
      vertex 18.7 10 4
    endloop
  endfacet
  facet normal -0 0 1
    outer loop
      vertex 18.6421 9.56001 4
      vertex 22.5 2.71306 4
      vertex 18.6855 9.7781 4
    endloop
  endfacet
  facet normal -0 0 1
    outer loop
      vertex 18.5706 9.34944 4
      vertex 22.5 2.71306 4
      vertex 18.6421 9.56001 4
    endloop
  endfacet
  facet normal -0 0 1
    outer loop
      vertex 18.4722 9.15 4
      vertex 22.5 2.71306 4
      vertex 18.5706 9.34944 4
    endloop
  endfacet
  facet normal -0 0 1
    outer loop
      vertex 18.3487 8.96511 4
      vertex 22.5 2.71306 4
      vertex 18.4722 9.15 4
    endloop
  endfacet
  facet normal -0 0 1
    outer loop
      vertex 18.2021 8.79792 4
      vertex 22.5 2.71306 4
      vertex 18.3487 8.96511 4
    endloop
  endfacet
  facet normal -0 0 1
    outer loop
      vertex 18.0349 8.6513 4
      vertex 22.5 2.71306 4
      vertex 18.2021 8.79792 4
    endloop
  endfacet
  facet normal -0 0 1
    outer loop
      vertex 17.85 8.52776 4
      vertex 22.5 2.71306 4
      vertex 18.0349 8.6513 4
    endloop
  endfacet
  facet normal -0 0 1
    outer loop
      vertex 17.6506 8.4294 4
      vertex 22.5 2.71306 4
      vertex 17.85 8.52776 4
    endloop
  endfacet
  facet normal -0 0 1
    outer loop
      vertex 17.44 8.35793 4
      vertex 22.5 2.71306 4
      vertex 17.6506 8.4294 4
    endloop
  endfacet
  facet normal -0 0 1
    outer loop
      vertex 17.2219 8.31454 4
      vertex 22.5 2.71306 4
      vertex 17.44 8.35793 4
    endloop
  endfacet
  facet normal -0 0 1
    outer loop
      vertex 17 8.3 4
      vertex 22.5 2.71306 4
      vertex 17.2219 8.31454 4
    endloop
  endfacet
  facet normal 0 0 1
    outer loop
      vertex 16.7781 8.31454 4
      vertex 22.5 2.71306 4
      vertex 17 8.3 4
    endloop
  endfacet
  facet normal 0 0 1
    outer loop
      vertex 16.56 8.35793 4
      vertex 22.5 2.71306 4
      vertex 16.7781 8.31454 4
    endloop
  endfacet
  facet normal 0 0 1
    outer loop
      vertex 16.3494 8.4294 4
      vertex 22.5 2.71306 4
      vertex 16.56 8.35793 4
    endloop
  endfacet
  facet normal 0 0 1
    outer loop
      vertex 16.15 8.52776 4
      vertex 22.5 2.71306 4
      vertex 16.3494 8.4294 4
    endloop
  endfacet
  facet normal 0 0 1
    outer loop
      vertex 15.9651 8.6513 4
      vertex 22.5 2.71306 4
      vertex 16.15 8.52776 4
    endloop
  endfacet
  facet normal 0 0 1
    outer loop
      vertex -15.9651 8.6513 4
      vertex 15.9651 8.6513 4
      vertex 15.7979 8.79792 4
    endloop
  endfacet
  facet normal 0 0 1
    outer loop
      vertex -15.3 10 4
      vertex 15.3 10 4
      vertex -15.3 18 4
    endloop
  endfacet
  facet normal 0 0 1
    outer loop
      vertex 15.3 10 4
      vertex -15.3 10 4
      vertex 15.3145 9.7781 4
    endloop
  endfacet
  facet normal 0 0 1
    outer loop
      vertex -15.3145 9.7781 4
      vertex 15.3145 9.7781 4
      vertex -15.3 10 4
    endloop
  endfacet
  facet normal 0 0 1
    outer loop
      vertex 15.3145 9.7781 4
      vertex -15.3145 9.7781 4
      vertex 15.3579 9.56001 4
    endloop
  endfacet
  facet normal 0 0 1
    outer loop
      vertex -15.3579 9.56001 4
      vertex 15.3579 9.56001 4
      vertex -15.3145 9.7781 4
    endloop
  endfacet
  facet normal 0 0 1
    outer loop
      vertex 15.3579 9.56001 4
      vertex -15.3579 9.56001 4
      vertex 15.4294 9.34944 4
    endloop
  endfacet
  facet normal 0 0 1
    outer loop
      vertex -15.4294 9.34944 4
      vertex 15.4294 9.34944 4
      vertex -15.3579 9.56001 4
    endloop
  endfacet
  facet normal 0 0 1
    outer loop
      vertex 15.4294 9.34944 4
      vertex -15.4294 9.34944 4
      vertex 15.5278 9.15 4
    endloop
  endfacet
  facet normal 0 0 1
    outer loop
      vertex -15.5278 9.15 4
      vertex 15.5278 9.15 4
      vertex -15.4294 9.34944 4
    endloop
  endfacet
  facet normal 0 0 1
    outer loop
      vertex 15.5278 9.15 4
      vertex -15.5278 9.15 4
      vertex 15.6513 8.96511 4
    endloop
  endfacet
  facet normal 0 0 1
    outer loop
      vertex -15.6513 8.96511 4
      vertex 15.6513 8.96511 4
      vertex -15.5278 9.15 4
    endloop
  endfacet
  facet normal 0 0 1
    outer loop
      vertex 15.6513 8.96511 4
      vertex -15.6513 8.96511 4
      vertex 15.7979 8.79792 4
    endloop
  endfacet
  facet normal 0 0 1
    outer loop
      vertex -15.7979 8.79792 4
      vertex 15.7979 8.79792 4
      vertex -15.6513 8.96511 4
    endloop
  endfacet
  facet normal 0 0 1
    outer loop
      vertex -15.9651 8.6513 4
      vertex 15.7979 8.79792 4
      vertex -15.7979 8.79792 4
    endloop
  endfacet
  facet normal 0 0 1
    outer loop
      vertex 15.9651 8.6513 4
      vertex -15.9651 8.6513 4
      vertex 22.5 2.71306 4
    endloop
  endfacet
  facet normal -0 0 1
    outer loop
      vertex -16.15 8.52776 4
      vertex 22.5 2.71306 4
      vertex -15.9651 8.6513 4
    endloop
  endfacet
  facet normal 0 0 1
    outer loop
      vertex -22.5 2.71306 4
      vertex -16.15 8.52776 4
      vertex -16.3494 8.4294 4
    endloop
  endfacet
  facet normal 0 0 1
    outer loop
      vertex -22.5 2.71306 4
      vertex -16.3494 8.4294 4
      vertex -16.56 8.35793 4
    endloop
  endfacet
  facet normal 0 0 1
    outer loop
      vertex -22.5 2.71306 4
      vertex -16.56 8.35793 4
      vertex -16.7781 8.31454 4
    endloop
  endfacet
  facet normal 0 0 1
    outer loop
      vertex -22.5 2.71306 4
      vertex -16.7781 8.31454 4
      vertex -17 8.3 4
    endloop
  endfacet
  facet normal 0 0 1
    outer loop
      vertex -22.5 2.71306 4
      vertex -17 8.3 4
      vertex -17.2219 8.31454 4
    endloop
  endfacet
  facet normal 0 0 1
    outer loop
      vertex -22.5 2.71306 4
      vertex -18.7 10 4
      vertex -22.5 17.0021 4
    endloop
  endfacet
  facet normal 0 0 1
    outer loop
      vertex -18.7 10 4
      vertex -22.5 2.71306 4
      vertex -18.6855 9.7781 4
    endloop
  endfacet
  facet normal 0 0 1
    outer loop
      vertex -18.6855 9.7781 4
      vertex -22.5 2.71306 4
      vertex -18.6421 9.56001 4
    endloop
  endfacet
  facet normal 0 0 1
    outer loop
      vertex -18.6421 9.56001 4
      vertex -22.5 2.71306 4
      vertex -18.5706 9.34944 4
    endloop
  endfacet
  facet normal 0 0 1
    outer loop
      vertex -16.15 8.52776 4
      vertex -22.5 2.71306 4
      vertex 22.5 2.71306 4
    endloop
  endfacet
  facet normal 0 0 1
    outer loop
      vertex -17.44 8.35793 4
      vertex -22.5 2.71306 4
      vertex -17.2219 8.31454 4
    endloop
  endfacet
  facet normal 0 0 1
    outer loop
      vertex -17.6506 8.4294 4
      vertex -22.5 2.71306 4
      vertex -17.44 8.35793 4
    endloop
  endfacet
  facet normal 0 0 1
    outer loop
      vertex -17.85 8.52776 4
      vertex -22.5 2.71306 4
      vertex -17.6506 8.4294 4
    endloop
  endfacet
  facet normal 0 0 1
    outer loop
      vertex -18.0349 8.6513 4
      vertex -22.5 2.71306 4
      vertex -17.85 8.52776 4
    endloop
  endfacet
  facet normal 0 0 1
    outer loop
      vertex -18.2021 8.79792 4
      vertex -22.5 2.71306 4
      vertex -18.0349 8.6513 4
    endloop
  endfacet
  facet normal 0 0 1
    outer loop
      vertex -18.3487 8.96511 4
      vertex -22.5 2.71306 4
      vertex -18.2021 8.79792 4
    endloop
  endfacet
  facet normal 0 0 1
    outer loop
      vertex -18.4722 9.15 4
      vertex -22.5 2.71306 4
      vertex -18.3487 8.96511 4
    endloop
  endfacet
  facet normal 0 0 1
    outer loop
      vertex -18.5706 9.34944 4
      vertex -22.5 2.71306 4
      vertex -18.4722 9.15 4
    endloop
  endfacet
  facet normal -0 0 1
    outer loop
      vertex -26 0.209631 4
      vertex -25.5 0 4
      vertex -25.5 0.209631 4
    endloop
  endfacet
  facet normal 0 0 1
    outer loop
      vertex -25.5 0 4
      vertex -26 0.209631 4
      vertex -26 0 4
    endloop
  endfacet
  facet normal -0 0 1
    outer loop
      vertex 25.5 0.209631 4
      vertex 26 0 4
      vertex 26 0.209631 4
    endloop
  endfacet
  facet normal 0 0 1
    outer loop
      vertex 26 0 4
      vertex 25.5 0.209631 4
      vertex 25.5 0 4
    endloop
  endfacet
  facet normal -0 0 1
    outer loop
      vertex -22.5 0.209631 4
      vertex 22.5 0 4
      vertex 22.5 0.209631 4
    endloop
  endfacet
  facet normal 0 0 1
    outer loop
      vertex 22.5 0 4
      vertex -22.5 0.209631 4
      vertex -22.5 0 4
    endloop
  endfacet
  facet normal -1 0 0
    outer loop
      vertex -26 22 0
      vertex -26 2.71306 4
      vertex -26 22 4
    endloop
  endfacet
  facet normal -1 0 -0
    outer loop
      vertex -26 2.71306 4
      vertex -26 22 0
      vertex -26 2.50343 0
    endloop
  endfacet
  facet normal -1 0 0
    outer loop
      vertex -26 2.71306 4
      vertex -26 3.10352 59.2187
      vertex -26 5.6001 59.0879
    endloop
  endfacet
  facet normal -1 0 0
    outer loop
      vertex -26 0.209631 4
      vertex -26 2.71306 4
      vertex -26 2.50343 0
    endloop
  endfacet
  facet normal -1 0 0
    outer loop
      vertex -26 0 0
      vertex -26 2.50343 0
      vertex -26 2.49657 -0.130839
    endloop
  endfacet
  facet normal -1 0 0
    outer loop
      vertex -26 2.71306 4
      vertex -26 0.209631 4
      vertex -26 3.10352 59.2187
    endloop
  endfacet
  facet normal -1 0 0
    outer loop
      vertex -26 2.50343 0
      vertex -26 0 0
      vertex -26 0.209631 4
    endloop
  endfacet
  facet normal -1 -0 0
    outer loop
      vertex -26 0.209631 4
      vertex -26 0 0
      vertex -26 0 4
    endloop
  endfacet
  facet normal 0 1 -0
    outer loop
      vertex 26 22 0
      vertex -26 22 4
      vertex 26 22 4
    endloop
  endfacet
  facet normal 0 1 0
    outer loop
      vertex -26 22 4
      vertex 26 22 0
      vertex -26 22 0
    endloop
  endfacet
  facet normal 0 -0.0523357 -0.99863
    outer loop
      vertex -26 0 0
      vertex 26 2.49657 -0.130839
      vertex 26 0 0
    endloop
  endfacet
  facet normal -0 -0.0523357 -0.99863
    outer loop
      vertex 26 2.49657 -0.130839
      vertex -26 0 0
      vertex -26 2.49657 -0.130839
    endloop
  endfacet
  facet normal 0 0.99863 -0.052336
    outer loop
      vertex 22.5 2.71306 4
      vertex -22.5 3.64692 21.8191
      vertex 22.5 3.64692 21.8191
    endloop
  endfacet
  facet normal 0 0.99863 -0.052336
    outer loop
      vertex -22.5 3.64692 21.8191
      vertex 22.5 2.71306 4
      vertex -22.5 2.71306 4
    endloop
  endfacet
  facet normal 2.52567e-05 0.998626 -0.0523957
    outer loop
      vertex 11.68 5.2799 52.9782
      vertex 26 5.6001 59.0879
      vertex 11.9166 5.28236 53.0252
    endloop
  endfacet
  facet normal 3.18094e-06 0.99863 -0.0523296
    outer loop
      vertex -26 5.6001 59.0879
      vertex -12.1574 5.28319 53.041
      vertex -13 5.28608 53.0961
    endloop
  endfacet
  facet normal 2.69042e-06 0.998629 -0.0523429
    outer loop
      vertex 10.8518 5.27128 52.8137
      vertex 26 5.6001 59.0879
      vertex 11.68 5.2799 52.9782
    endloop
  endfacet
  facet normal 9.48206e-06 0.998631 -0.0523152
    outer loop
      vertex -26 5.6001 59.0879
      vertex -11.9166 5.28236 53.0252
      vertex -12.1574 5.28319 53.041
    endloop
  endfacet
  facet normal 0 0.99863 -0.0523365
    outer loop
      vertex 26 5.6001 59.0879
      vertex 10.8518 5.27128 52.8137
      vertex -26 5.6001 59.0879
    endloop
  endfacet
  facet normal -2.52567e-05 0.998626 -0.0523957
    outer loop
      vertex -26 5.6001 59.0879
      vertex -11.68 5.2799 52.9782
      vertex -11.9166 5.28236 53.0252
    endloop
  endfacet
  facet normal 0 0.99863 -0.0523365
    outer loop
      vertex -10.8518 5.27128 52.8137
      vertex -26 5.6001 59.0879
      vertex 10.8518 5.27128 52.8137
    endloop
  endfacet
  facet normal -2.69042e-06 0.998629 -0.0523429
    outer loop
      vertex -26 5.6001 59.0879
      vertex -10.8518 5.27128 52.8137
      vertex -11.68 5.2799 52.9782
    endloop
  endfacet
  facet normal 0 0.998629 -0.0523528
    outer loop
      vertex 9.82373 5.25301 52.4652
      vertex -10.8518 5.27128 52.8137
      vertex 10.8518 5.27128 52.8137
    endloop
  endfacet
  facet normal 0 0.998629 -0.0523528
    outer loop
      vertex 9.82373 5.25301 52.4652
      vertex -9.82373 5.25301 52.4652
      vertex -10.8518 5.27128 52.8137
    endloop
  endfacet
  facet normal 0 0.99863 -0.052326
    outer loop
      vertex 8.85 5.22788 51.9856
      vertex -9.82373 5.25301 52.4652
      vertex 9.82373 5.25301 52.4652
    endloop
  endfacet
  facet normal 0 0.99863 -0.052326
    outer loop
      vertex 8.85 5.22788 51.9856
      vertex -8.85 5.22788 51.9856
      vertex -9.82373 5.25301 52.4652
    endloop
  endfacet
  facet normal 0 0.99863 -0.0523273
    outer loop
      vertex 7.94728 5.19632 51.3833
      vertex -8.85 5.22788 51.9856
      vertex 8.85 5.22788 51.9856
    endloop
  endfacet
  facet normal 0 0.99863 -0.0523273
    outer loop
      vertex 7.94728 5.19632 51.3833
      vertex -7.94728 5.19632 51.3833
      vertex -8.85 5.22788 51.9856
    endloop
  endfacet
  facet normal 0 0.998629 -0.0523382
    outer loop
      vertex 7.31241 5.16718 50.8273
      vertex -7.94728 5.19632 51.3833
      vertex 7.94728 5.19632 51.3833
    endloop
  endfacet
  facet normal 0 0.998629 -0.0523382
    outer loop
      vertex 7.31241 5.16718 50.8273
      vertex -7.31241 5.16718 50.8273
      vertex -7.94728 5.19632 51.3833
    endloop
  endfacet
  facet normal 0 0.998629 -0.052351
    outer loop
      vertex 7.13101 5.15885 50.6684
      vertex -7.31241 5.16718 50.8273
      vertex 7.31241 5.16718 50.8273
    endloop
  endfacet
  facet normal 0 0.998629 -0.052351
    outer loop
      vertex 7.13101 5.15885 50.6684
      vertex -7.13101 5.15885 50.6684
      vertex -7.31241 5.16718 50.8273
    endloop
  endfacet
  facet normal 0 0.99863 -0.0523302
    outer loop
      vertex 6.97194 5.14936 50.4873
      vertex -7.13101 5.15885 50.6684
      vertex 7.13101 5.15885 50.6684
    endloop
  endfacet
  facet normal 0 0.99863 -0.0523302
    outer loop
      vertex 6.97194 5.14936 50.4873
      vertex -6.97194 5.14936 50.4873
      vertex -7.13101 5.15885 50.6684
    endloop
  endfacet
  facet normal 0 0.998629 -0.0523414
    outer loop
      vertex 6.41517 5.11613 49.8533
      vertex -6.97194 5.14936 50.4873
      vertex 6.97194 5.14936 50.4873
    endloop
  endfacet
  facet normal 0 0.998629 -0.0523414
    outer loop
      vertex 6.41517 5.11613 49.8533
      vertex -6.41517 5.11613 49.8533
      vertex -6.97194 5.14936 50.4873
    endloop
  endfacet
  facet normal 0 0.998629 -0.0523383
    outer loop
      vertex 5.94603 5.07938 49.1521
      vertex -6.41517 5.11613 49.8533
      vertex 6.41517 5.11613 49.8533
    endloop
  endfacet
  facet normal 0 0.998629 -0.0523383
    outer loop
      vertex 5.94603 5.07938 49.1521
      vertex -5.94603 5.07938 49.1521
      vertex -6.41517 5.11613 49.8533
    endloop
  endfacet
  facet normal 0 0.998631 -0.0522998
    outer loop
      vertex 5.81199 5.06889 48.9518
      vertex -5.94603 5.07938 49.1521
      vertex 5.94603 5.07938 49.1521
    endloop
  endfacet
  facet normal 0 0.998631 -0.0522998
    outer loop
      vertex 5.81199 5.06889 48.9518
      vertex -5.81199 5.06889 48.9518
      vertex -5.94603 5.07938 49.1521
    endloop
  endfacet
  facet normal 0 0.998628 -0.0523575
    outer loop
      vertex 5.70528 5.05756 48.7357
      vertex -5.81199 5.06889 48.9518
      vertex 5.81199 5.06889 48.9518
    endloop
  endfacet
  facet normal 0 0.998628 -0.0523575
    outer loop
      vertex 5.70528 5.05756 48.7357
      vertex -5.70528 5.05756 48.7357
      vertex -5.81199 5.06889 48.9518
    endloop
  endfacet
  facet normal 0 0.998629 -0.0523412
    outer loop
      vertex 5.3318 5.01792 47.9794
      vertex -5.70528 5.05756 48.7357
      vertex 5.70528 5.05756 48.7357
    endloop
  endfacet
  facet normal 0 0.998629 -0.0523412
    outer loop
      vertex 5.3318 5.01792 47.9794
      vertex -5.3318 5.01792 47.9794
      vertex -5.70528 5.05756 48.7357
    endloop
  endfacet
  facet normal 0 0.99863 -0.0523291
    outer loop
      vertex 4.98281 4.96412 46.9527
      vertex -5.3318 5.01792 47.9794
      vertex 5.3318 5.01792 47.9794
    endloop
  endfacet
  facet normal 0 0.99863 -0.0523291
    outer loop
      vertex 4.98281 4.96412 46.9527
      vertex -4.98281 4.96412 46.9527
      vertex -5.3318 5.01792 47.9794
    endloop
  endfacet
  facet normal 0 0.998629 -0.0523405
    outer loop
      vertex 4.77101 4.90839 45.8894
      vertex -4.98281 4.96412 46.9527
      vertex 4.98281 4.96412 46.9527
    endloop
  endfacet
  facet normal 0 0.998629 -0.0523405
    outer loop
      vertex 4.77101 4.90839 45.8894
      vertex -4.77101 4.90839 45.8894
      vertex -4.98281 4.96412 46.9527
    endloop
  endfacet
  facet normal 0 0.99863 -0.052336
    outer loop
      vertex 4.7 4.85169 44.8075
      vertex -4.77101 4.90839 45.8894
      vertex 4.77101 4.90839 45.8894
    endloop
  endfacet
  facet normal 0 0.99863 -0.052336
    outer loop
      vertex 4.7 4.85169 44.8075
      vertex -4.7 4.85169 44.8075
      vertex -4.77101 4.90839 45.8894
    endloop
  endfacet
  facet normal 0 0.998629 -0.0523408
    outer loop
      vertex 4.71578 4.83909 44.5671
      vertex -4.7 4.85169 44.8075
      vertex 4.7 4.85169 44.8075
    endloop
  endfacet
  facet normal 0 0.998629 -0.0523408
    outer loop
      vertex 4.71578 4.83909 44.5671
      vertex -4.71578 4.83909 44.5671
      vertex -4.7 4.85169 44.8075
    endloop
  endfacet
  facet normal 0 0.99863 -0.0523346
    outer loop
      vertex 4.77101 4.79499 43.7256
      vertex -4.71578 4.83909 44.5671
      vertex 4.71578 4.83909 44.5671
    endloop
  endfacet
  facet normal 0 0.99863 -0.0523346
    outer loop
      vertex 4.77101 4.79499 43.7256
      vertex -4.77101 4.79499 43.7256
      vertex -4.71578 4.83909 44.5671
    endloop
  endfacet
  facet normal 0 0.99863 -0.0523356
    outer loop
      vertex 4.98281 4.73926 42.6622
      vertex -4.77101 4.79499 43.7256
      vertex 4.77101 4.79499 43.7256
    endloop
  endfacet
  facet normal 0 0.99863 -0.0523356
    outer loop
      vertex 4.98281 4.73926 42.6622
      vertex -4.98281 4.73926 42.6622
      vertex -4.77101 4.79499 43.7256
    endloop
  endfacet
  facet normal 0 0.998629 -0.0523389
    outer loop
      vertex 5.25425 4.69741 41.8637
      vertex -4.98281 4.73926 42.6622
      vertex 4.98281 4.73926 42.6622
    endloop
  endfacet
  facet normal 0 0.998629 -0.0523389
    outer loop
      vertex 5.25425 4.69741 41.8637
      vertex -5.25425 4.69741 41.8637
      vertex -4.98281 4.73926 42.6622
    endloop
  endfacet
  facet normal 0 0.99863 -0.0523176
    outer loop
      vertex 5.3318 4.68546 41.6356
      vertex -5.25425 4.69741 41.8637
      vertex 5.25425 4.69741 41.8637
    endloop
  endfacet
  facet normal 0 0.99863 -0.0523176
    outer loop
      vertex 5.3318 4.68546 41.6356
      vertex -5.3318 4.68546 41.6356
      vertex -5.25425 4.69741 41.8637
    endloop
  endfacet
  facet normal 0 0.99863 -0.0523346
    outer loop
      vertex 5.81199 4.6345 40.6632
      vertex -5.3318 4.68546 41.6356
      vertex 5.3318 4.68546 41.6356
    endloop
  endfacet
  facet normal 0 0.99863 -0.0523346
    outer loop
      vertex 5.81199 4.6345 40.6632
      vertex -5.81199 4.6345 40.6632
      vertex -5.3318 4.68546 41.6356
    endloop
  endfacet
  facet normal 0 0.99863 -0.0523234
    outer loop
      vertex 5.94603 4.624 40.4628
      vertex -5.81199 4.6345 40.6632
      vertex 5.81199 4.6345 40.6632
    endloop
  endfacet
  facet normal 0 0.99863 -0.0523234
    outer loop
      vertex 5.94603 4.624 40.4628
      vertex -5.94603 4.624 40.4628
      vertex -5.81199 4.6345 40.6632
    endloop
  endfacet
  facet normal 0 0.998629 -0.0523458
    outer loop
      vertex 6.41517 4.58725 39.7617
      vertex -5.94603 4.624 40.4628
      vertex 5.94603 4.624 40.4628
    endloop
  endfacet
  facet normal 0 0.998629 -0.0523458
    outer loop
      vertex 6.41517 4.58725 39.7617
      vertex -6.41517 4.58725 39.7617
      vertex -5.94603 4.624 40.4628
    endloop
  endfacet
  facet normal 0 0.99863 -0.0523325
    outer loop
      vertex 7.13101 4.54453 38.9465
      vertex -6.41517 4.58725 39.7617
      vertex 6.41517 4.58725 39.7617
    endloop
  endfacet
  facet normal 0 0.99863 -0.0523325
    outer loop
      vertex 7.13101 4.54453 38.9465
      vertex -7.13101 4.54453 38.9465
      vertex -6.41517 4.58725 39.7617
    endloop
  endfacet
  facet normal 0 0.998629 -0.0523382
    outer loop
      vertex 7.76589 4.51539 38.3905
      vertex -7.13101 4.54453 38.9465
      vertex 7.13101 4.54453 38.9465
    endloop
  endfacet
  facet normal 0 0.998629 -0.0523382
    outer loop
      vertex 7.76589 4.51539 38.3905
      vertex -7.76589 4.51539 38.3905
      vertex -7.13101 4.54453 38.9465
    endloop
  endfacet
  facet normal 0 0.99863 -0.0523212
    outer loop
      vertex 7.94728 4.50707 38.2317
      vertex -7.76589 4.51539 38.3905
      vertex 7.76589 4.51539 38.3905
    endloop
  endfacet
  facet normal 0 0.99863 -0.0523212
    outer loop
      vertex 7.94728 4.50707 38.2317
      vertex -7.94728 4.50707 38.2317
      vertex -7.76589 4.51539 38.3905
    endloop
  endfacet
  facet normal 0 0.998629 -0.0523553
    outer loop
      vertex 8.14788 4.50005 38.0978
      vertex -7.94728 4.50707 38.2317
      vertex 7.94728 4.50707 38.2317
    endloop
  endfacet
  facet normal 0 0.998629 -0.0523553
    outer loop
      vertex 8.14788 4.50005 38.0978
      vertex -8.14788 4.50005 38.0978
      vertex -7.94728 4.50707 38.2317
    endloop
  endfacet
  facet normal 0 0.99863 -0.0523295
    outer loop
      vertex 8.85 4.4755 37.6293
      vertex -8.14788 4.50005 38.0978
      vertex 8.14788 4.50005 38.0978
    endloop
  endfacet
  facet normal 0 0.99863 -0.0523295
    outer loop
      vertex 8.85 4.4755 37.6293
      vertex -8.85 4.4755 37.6293
      vertex -8.14788 4.50005 38.0978
    endloop
  endfacet
  facet normal 0 0.998629 -0.052355
    outer loop
      vertex 9.60734 4.45595 37.2564
      vertex -8.85 4.4755 37.6293
      vertex 8.85 4.4755 37.6293
    endloop
  endfacet
  facet normal 0 0.998629 -0.052355
    outer loop
      vertex 9.60734 4.45595 37.2564
      vertex -9.60734 4.45595 37.2564
      vertex -8.85 4.4755 37.6293
    endloop
  endfacet
  facet normal 0 0.998633 -0.0522736
    outer loop
      vertex 9.82373 4.45037 37.1498
      vertex -9.60734 4.45595 37.2564
      vertex 9.60734 4.45595 37.2564
    endloop
  endfacet
  facet normal 0 0.998633 -0.0522736
    outer loop
      vertex 9.82373 4.45037 37.1498
      vertex -9.82373 4.45037 37.1498
      vertex -9.60734 4.45595 37.2564
    endloop
  endfacet
  facet normal 7.88491e-06 0.99863 -0.0523296
    outer loop
      vertex 22.5 3.64692 21.8191
      vertex 9.82373 4.45037 37.1498
      vertex 10.8518 4.4321 36.8013
    endloop
  endfacet
  facet normal 0 0.99863 -0.0523361
    outer loop
      vertex 9.82373 4.45037 37.1498
      vertex 22.5 3.64692 21.8191
      vertex -9.82373 4.45037 37.1498
    endloop
  endfacet
  facet normal -1.57418e-05 0.998629 -0.0523479
    outer loop
      vertex 22.5 3.64692 21.8191
      vertex 10.8518 4.4321 36.8013
      vertex 11.0884 4.42964 36.7543
    endloop
  endfacet
  facet normal 0 0.99863 -0.0523361
    outer loop
      vertex -22.5 3.64692 21.8191
      vertex -9.82373 4.45037 37.1498
      vertex 22.5 3.64692 21.8191
    endloop
  endfacet
  facet normal -1.52439e-06 0.998629 -0.0523371
    outer loop
      vertex 22.5 3.64692 21.8191
      vertex 11.0884 4.42964 36.7543
      vertex 11.9166 4.42102 36.5898
    endloop
  endfacet
  facet normal -7.88491e-06 0.99863 -0.0523296
    outer loop
      vertex -9.82373 4.45037 37.1498
      vertex -22.5 3.64692 21.8191
      vertex -10.8518 4.4321 36.8013
    endloop
  endfacet
  facet normal 4.14545e-06 0.99863 -0.052333
    outer loop
      vertex 22.5 3.64692 21.8191
      vertex 11.9166 4.42102 36.5898
      vertex 13 4.4173 36.5189
    endloop
  endfacet
  facet normal 1.57418e-05 0.998629 -0.0523479
    outer loop
      vertex -10.8518 4.4321 36.8013
      vertex -22.5 3.64692 21.8191
      vertex -11.0884 4.42964 36.7543
    endloop
  endfacet
  facet normal -3.18094e-06 0.99863 -0.0523296
    outer loop
      vertex 12.1574 5.28319 53.041
      vertex 26 5.6001 59.0879
      vertex 13 5.28608 53.0961
    endloop
  endfacet
  facet normal 2.39048e-06 0.998629 -0.0523416
    outer loop
      vertex 26 5.6001 59.0879
      vertex 13.8426 5.28319 53.041
      vertex 13 5.28608 53.0961
    endloop
  endfacet
  facet normal 7.11869e-06 0.998629 -0.0523511
    outer loop
      vertex 26 5.6001 59.0879
      vertex 14.0834 5.28236 53.0252
      vertex 13.8426 5.28319 53.041
    endloop
  endfacet
  facet normal -9.78245e-06 0.99863 -0.052318
    outer loop
      vertex 26 5.6001 59.0879
      vertex 14.32 5.2799 52.9782
      vertex 14.0834 5.28236 53.0252
    endloop
  endfacet
  facet normal -1.0422e-06 0.99863 -0.0523347
    outer loop
      vertex 26 5.6001 59.0879
      vertex 15.1482 5.27128 52.8137
      vertex 14.32 5.2799 52.9782
    endloop
  endfacet
  facet normal 3.50016e-06 0.998629 -0.0523425
    outer loop
      vertex 26 5.6001 59.0879
      vertex 16.1763 5.25301 52.4652
      vertex 15.1482 5.27128 52.8137
    endloop
  endfacet
  facet normal -3.21361e-06 0.99863 -0.0523326
    outer loop
      vertex 26 5.6001 59.0879
      vertex 17.15 5.22788 51.9856
      vertex 16.1763 5.25301 52.4652
    endloop
  endfacet
  facet normal -3.36103e-06 0.99863 -0.0523324
    outer loop
      vertex 26 5.6001 59.0879
      vertex 18.0527 5.19632 51.3833
      vertex 17.15 5.22788 51.9856
    endloop
  endfacet
  facet normal 1.11164e-06 0.998629 -0.052337
    outer loop
      vertex 26 5.6001 59.0879
      vertex 18.6876 5.16718 50.8273
      vertex 18.0527 5.19632 51.3833
    endloop
  endfacet
  facet normal 7.436e-06 0.998629 -0.0523426
    outer loop
      vertex 26 5.6001 59.0879
      vertex 18.869 5.15885 50.6684
      vertex 18.6876 5.16718 50.8273
    endloop
  endfacet
  facet normal -3.53757e-06 0.99863 -0.0523333
    outer loop
      vertex 26 5.6001 59.0879
      vertex 19.0281 5.14936 50.4873
      vertex 18.869 5.15885 50.6684
    endloop
  endfacet
  facet normal 3.121e-06 0.998629 -0.0523387
    outer loop
      vertex 26 5.6001 59.0879
      vertex 19.5848 5.11613 49.8533
      vertex 19.0281 5.14936 50.4873
    endloop
  endfacet
  facet normal 1.33276e-06 0.998629 -0.0523374
    outer loop
      vertex 26 5.6001 59.0879
      vertex 20.054 5.07938 49.1521
      vertex 19.5848 5.11613 49.8533
    endloop
  endfacet
  facet normal -2.91681e-05 0.99863 -0.0523192
    outer loop
      vertex 26 5.6001 59.0879
      vertex 20.188 5.06889 48.9518
      vertex 20.054 5.07938 49.1521
    endloop
  endfacet
  facet normal 2.03067e-05 0.998629 -0.0523475
    outer loop
      vertex 26 5.6001 59.0879
      vertex 20.2947 5.05756 48.7357
      vertex 20.188 5.06889 48.9518
    endloop
  endfacet
  facet normal 4.66342e-06 0.998629 -0.0523389
    outer loop
      vertex 26 5.6001 59.0879
      vertex 20.6682 5.01792 47.9794
      vertex 20.2947 5.05756 48.7357
    endloop
  endfacet
  facet normal -9.28101e-06 0.99863 -0.0523322
    outer loop
      vertex 26 5.6001 59.0879
      vertex 21.0172 4.96412 46.9527
      vertex 20.6682 5.01792 47.9794
    endloop
  endfacet
  facet normal 7.25475e-06 0.998629 -0.052339
    outer loop
      vertex 26 5.6001 59.0879
      vertex 21.229 4.90839 45.8894
      vertex 21.0172 4.96412 46.9527
    endloop
  endfacet
  facet normal -9.98656e-07 0.99863 -0.052336
    outer loop
      vertex 26 5.6001 59.0879
      vertex 21.3 4.85169 44.8075
      vertex 21.229 4.90839 45.8894
    endloop
  endfacet
  facet normal 1.68704e-05 0.998629 -0.0523419
    outer loop
      vertex 26 5.6001 59.0879
      vertex 21.2842 4.83909 44.5671
      vertex 21.3 4.85169 44.8075
    endloop
  endfacet
  facet normal -7.1378e-06 0.99863 -0.0523341
    outer loop
      vertex 26 5.6001 59.0879
      vertex 21.229 4.79499 43.7256
      vertex 21.2842 4.83909 44.5671
    endloop
  endfacet
  facet normal -8.59665e-07 0.99863 -0.0523361
    outer loop
      vertex 25.5 3.64692 21.8191
      vertex 21.229 4.79499 43.7256
      vertex 26 5.6001 59.0879
    endloop
  endfacet
  facet normal -3.80903e-06 0.998629 -0.0523381
    outer loop
      vertex 14.0834 4.42102 36.5898
      vertex 22.5 3.64692 21.8191
      vertex 13 4.4173 36.5189
    endloop
  endfacet
  facet normal 1.17451e-06 0.99863 -0.0523353
    outer loop
      vertex 14.9116 4.42964 36.7543
      vertex 22.5 3.64692 21.8191
      vertex 14.0834 4.42102 36.5898
    endloop
  endfacet
  facet normal 1.21284e-05 0.99863 -0.0523298
    outer loop
      vertex 15.1482 4.4321 36.8013
      vertex 22.5 3.64692 21.8191
      vertex 14.9116 4.42964 36.7543
    endloop
  endfacet
  facet normal -4.97856e-06 0.998629 -0.0523381
    outer loop
      vertex 16.1763 4.45037 37.1498
      vertex 22.5 3.64692 21.8191
      vertex 15.1482 4.4321 36.8013
    endloop
  endfacet
  facet normal 2.56343e-05 0.99863 -0.0523255
    outer loop
      vertex 16.3927 4.45595 37.2564
      vertex 22.5 3.64692 21.8191
      vertex 16.1763 4.45037 37.1498
    endloop
  endfacet
  facet normal -8.00214e-06 0.998629 -0.0523388
    outer loop
      vertex 17.15 4.4755 37.6293
      vertex 22.5 3.64692 21.8191
      vertex 16.3927 4.45595 37.2564
    endloop
  endfacet
  facet normal 3.61969e-06 0.99863 -0.0523349
    outer loop
      vertex 17.8521 4.50005 38.0978
      vertex 22.5 3.64692 21.8191
      vertex 17.15 4.4755 37.6293
    endloop
  endfacet
  facet normal -1.08823e-05 0.998629 -0.052339
    outer loop
      vertex 18.0527 4.50707 38.2317
      vertex 22.5 3.64692 21.8191
      vertex 17.8521 4.50005 38.0978
    endloop
  endfacet
  facet normal 0 0.99863 -0.0523361
    outer loop
      vertex 22.5 3.64692 21.8191
      vertex 18.0527 4.50707 38.2317
      vertex 25.5 3.64692 21.8191
    endloop
  endfacet
  facet normal 9.35955e-06 0.99863 -0.0523318
    outer loop
      vertex 18.2341 4.51539 38.3905
      vertex 25.5 3.64692 21.8191
      vertex 18.0527 4.50707 38.2317
    endloop
  endfacet
  facet normal -1.45916e-06 0.99863 -0.0523366
    outer loop
      vertex 18.869 4.54453 38.9465
      vertex 25.5 3.64692 21.8191
      vertex 18.2341 4.51539 38.3905
    endloop
  endfacet
  facet normal 2.77813e-06 0.99863 -0.0523349
    outer loop
      vertex 19.5848 4.58725 39.7617
      vertex 25.5 3.64692 21.8191
      vertex 18.869 4.54453 38.9465
    endloop
  endfacet
  facet normal -9.94885e-06 0.998629 -0.0523391
    outer loop
      vertex 20.054 4.624 40.4628
      vertex 25.5 3.64692 21.8191
      vertex 19.5848 4.58725 39.7617
    endloop
  endfacet
  facet normal 1.33485e-05 0.99863 -0.0523323
    outer loop
      vertex 20.188 4.6345 40.6632
      vertex 25.5 3.64692 21.8191
      vertex 20.054 4.624 40.4628
    endloop
  endfacet
  facet normal 1.92893e-06 0.99863 -0.0523355
    outer loop
      vertex 20.6682 4.68546 41.6356
      vertex 25.5 3.64692 21.8191
      vertex 20.188 4.6345 40.6632
    endloop
  endfacet
  facet normal 3.16998e-05 0.99863 -0.0523283
    outer loop
      vertex 20.7458 4.69741 41.8637
      vertex 25.5 3.64692 21.8191
      vertex 20.6682 4.68546 41.6356
    endloop
  endfacet
  facet normal -5.43247e-06 0.998629 -0.0523371
    outer loop
      vertex 21.0172 4.73926 42.6622
      vertex 25.5 3.64692 21.8191
      vertex 20.7458 4.69741 41.8637
    endloop
  endfacet
  facet normal 9.1286e-07 0.99863 -0.0523357
    outer loop
      vertex 21.229 4.79499 43.7256
      vertex 25.5 3.64692 21.8191
      vertex 21.0172 4.73926 42.6622
    endloop
  endfacet
  facet normal -2.47156e-06 0.99863 -0.0523361
    outer loop
      vertex 26 2.71306 4
      vertex 25.5 3.64692 21.8191
      vertex 26 5.6001 59.0879
    endloop
  endfacet
  facet normal 0 0.99863 -0.052336
    outer loop
      vertex 25.5 3.64692 21.8191
      vertex 26 2.71306 4
      vertex 25.5 2.71306 4
    endloop
  endfacet
  facet normal -9.48206e-06 0.998631 -0.0523152
    outer loop
      vertex 11.9166 5.28236 53.0252
      vertex 26 5.6001 59.0879
      vertex 12.1574 5.28319 53.041
    endloop
  endfacet
  facet normal -2.39048e-06 0.998629 -0.0523416
    outer loop
      vertex -13.8426 5.28319 53.041
      vertex -26 5.6001 59.0879
      vertex -13 5.28608 53.0961
    endloop
  endfacet
  facet normal -7.11869e-06 0.998629 -0.0523511
    outer loop
      vertex -14.0834 5.28236 53.0252
      vertex -26 5.6001 59.0879
      vertex -13.8426 5.28319 53.041
    endloop
  endfacet
  facet normal 9.78245e-06 0.99863 -0.052318
    outer loop
      vertex -14.32 5.2799 52.9782
      vertex -26 5.6001 59.0879
      vertex -14.0834 5.28236 53.0252
    endloop
  endfacet
  facet normal 1.0422e-06 0.99863 -0.0523347
    outer loop
      vertex -15.1482 5.27128 52.8137
      vertex -26 5.6001 59.0879
      vertex -14.32 5.2799 52.9782
    endloop
  endfacet
  facet normal -3.50016e-06 0.998629 -0.0523425
    outer loop
      vertex -16.1763 5.25301 52.4652
      vertex -26 5.6001 59.0879
      vertex -15.1482 5.27128 52.8137
    endloop
  endfacet
  facet normal 3.21361e-06 0.99863 -0.0523326
    outer loop
      vertex -17.15 5.22788 51.9856
      vertex -26 5.6001 59.0879
      vertex -16.1763 5.25301 52.4652
    endloop
  endfacet
  facet normal 3.36103e-06 0.99863 -0.0523324
    outer loop
      vertex -18.0527 5.19632 51.3833
      vertex -26 5.6001 59.0879
      vertex -17.15 5.22788 51.9856
    endloop
  endfacet
  facet normal -1.11164e-06 0.998629 -0.052337
    outer loop
      vertex -18.6876 5.16718 50.8273
      vertex -26 5.6001 59.0879
      vertex -18.0527 5.19632 51.3833
    endloop
  endfacet
  facet normal -7.436e-06 0.998629 -0.0523426
    outer loop
      vertex -18.869 5.15885 50.6684
      vertex -26 5.6001 59.0879
      vertex -18.6876 5.16718 50.8273
    endloop
  endfacet
  facet normal 3.53757e-06 0.99863 -0.0523333
    outer loop
      vertex -19.0281 5.14936 50.4873
      vertex -26 5.6001 59.0879
      vertex -18.869 5.15885 50.6684
    endloop
  endfacet
  facet normal -3.121e-06 0.998629 -0.0523387
    outer loop
      vertex -19.5848 5.11613 49.8533
      vertex -26 5.6001 59.0879
      vertex -19.0281 5.14936 50.4873
    endloop
  endfacet
  facet normal -1.33276e-06 0.998629 -0.0523374
    outer loop
      vertex -20.054 5.07938 49.1521
      vertex -26 5.6001 59.0879
      vertex -19.5848 5.11613 49.8533
    endloop
  endfacet
  facet normal 2.91681e-05 0.99863 -0.0523192
    outer loop
      vertex -20.188 5.06889 48.9518
      vertex -26 5.6001 59.0879
      vertex -20.054 5.07938 49.1521
    endloop
  endfacet
  facet normal -2.03067e-05 0.998629 -0.0523475
    outer loop
      vertex -20.2947 5.05756 48.7357
      vertex -26 5.6001 59.0879
      vertex -20.188 5.06889 48.9518
    endloop
  endfacet
  facet normal -4.66342e-06 0.998629 -0.0523389
    outer loop
      vertex -20.6682 5.01792 47.9794
      vertex -26 5.6001 59.0879
      vertex -20.2947 5.05756 48.7357
    endloop
  endfacet
  facet normal 9.28101e-06 0.99863 -0.0523322
    outer loop
      vertex -21.0172 4.96412 46.9527
      vertex -26 5.6001 59.0879
      vertex -20.6682 5.01792 47.9794
    endloop
  endfacet
  facet normal -7.25475e-06 0.998629 -0.052339
    outer loop
      vertex -21.229 4.90839 45.8894
      vertex -26 5.6001 59.0879
      vertex -21.0172 4.96412 46.9527
    endloop
  endfacet
  facet normal 9.98656e-07 0.99863 -0.052336
    outer loop
      vertex -21.3 4.85169 44.8075
      vertex -26 5.6001 59.0879
      vertex -21.229 4.90839 45.8894
    endloop
  endfacet
  facet normal -1.68704e-05 0.998629 -0.0523419
    outer loop
      vertex -21.2842 4.83909 44.5671
      vertex -26 5.6001 59.0879
      vertex -21.3 4.85169 44.8075
    endloop
  endfacet
  facet normal 7.1378e-06 0.99863 -0.0523341
    outer loop
      vertex -21.229 4.79499 43.7256
      vertex -26 5.6001 59.0879
      vertex -21.2842 4.83909 44.5671
    endloop
  endfacet
  facet normal -9.1286e-07 0.99863 -0.0523357
    outer loop
      vertex -25.5 3.64692 21.8191
      vertex -21.229 4.79499 43.7256
      vertex -21.0172 4.73926 42.6622
    endloop
  endfacet
  facet normal 1.52439e-06 0.998629 -0.0523371
    outer loop
      vertex -11.0884 4.42964 36.7543
      vertex -22.5 3.64692 21.8191
      vertex -11.9166 4.42102 36.5898
    endloop
  endfacet
  facet normal -4.14545e-06 0.99863 -0.052333
    outer loop
      vertex -11.9166 4.42102 36.5898
      vertex -22.5 3.64692 21.8191
      vertex -13 4.4173 36.5189
    endloop
  endfacet
  facet normal 3.80903e-06 0.998629 -0.0523381
    outer loop
      vertex -13 4.4173 36.5189
      vertex -22.5 3.64692 21.8191
      vertex -14.0834 4.42102 36.5898
    endloop
  endfacet
  facet normal -1.17451e-06 0.99863 -0.0523353
    outer loop
      vertex -14.0834 4.42102 36.5898
      vertex -22.5 3.64692 21.8191
      vertex -14.9116 4.42964 36.7543
    endloop
  endfacet
  facet normal -1.21284e-05 0.99863 -0.0523298
    outer loop
      vertex -14.9116 4.42964 36.7543
      vertex -22.5 3.64692 21.8191
      vertex -15.1482 4.4321 36.8013
    endloop
  endfacet
  facet normal 4.97856e-06 0.998629 -0.0523381
    outer loop
      vertex -15.1482 4.4321 36.8013
      vertex -22.5 3.64692 21.8191
      vertex -16.1763 4.45037 37.1498
    endloop
  endfacet
  facet normal -2.56343e-05 0.99863 -0.0523255
    outer loop
      vertex -22.5 3.64692 21.8191
      vertex -16.3927 4.45595 37.2564
      vertex -16.1763 4.45037 37.1498
    endloop
  endfacet
  facet normal 8.00214e-06 0.998629 -0.0523388
    outer loop
      vertex -22.5 3.64692 21.8191
      vertex -17.15 4.4755 37.6293
      vertex -16.3927 4.45595 37.2564
    endloop
  endfacet
  facet normal -3.61969e-06 0.99863 -0.0523349
    outer loop
      vertex -22.5 3.64692 21.8191
      vertex -17.8521 4.50005 38.0978
      vertex -17.15 4.4755 37.6293
    endloop
  endfacet
  facet normal 1.08823e-05 0.998629 -0.052339
    outer loop
      vertex -22.5 3.64692 21.8191
      vertex -18.0527 4.50707 38.2317
      vertex -17.8521 4.50005 38.0978
    endloop
  endfacet
  facet normal 0 0.99863 -0.0523361
    outer loop
      vertex -25.5 3.64692 21.8191
      vertex -18.0527 4.50707 38.2317
      vertex -22.5 3.64692 21.8191
    endloop
  endfacet
  facet normal -9.35955e-06 0.99863 -0.0523318
    outer loop
      vertex -18.0527 4.50707 38.2317
      vertex -25.5 3.64692 21.8191
      vertex -18.2341 4.51539 38.3905
    endloop
  endfacet
  facet normal 1.45916e-06 0.99863 -0.0523366
    outer loop
      vertex -18.2341 4.51539 38.3905
      vertex -25.5 3.64692 21.8191
      vertex -18.869 4.54453 38.9465
    endloop
  endfacet
  facet normal -2.77813e-06 0.99863 -0.0523349
    outer loop
      vertex -18.869 4.54453 38.9465
      vertex -25.5 3.64692 21.8191
      vertex -19.5848 4.58725 39.7617
    endloop
  endfacet
  facet normal 9.94885e-06 0.998629 -0.0523391
    outer loop
      vertex -19.5848 4.58725 39.7617
      vertex -25.5 3.64692 21.8191
      vertex -20.054 4.624 40.4628
    endloop
  endfacet
  facet normal -1.33485e-05 0.99863 -0.0523323
    outer loop
      vertex -20.054 4.624 40.4628
      vertex -25.5 3.64692 21.8191
      vertex -20.188 4.6345 40.6632
    endloop
  endfacet
  facet normal -1.92893e-06 0.99863 -0.0523355
    outer loop
      vertex -20.188 4.6345 40.6632
      vertex -25.5 3.64692 21.8191
      vertex -20.6682 4.68546 41.6356
    endloop
  endfacet
  facet normal -3.16998e-05 0.99863 -0.0523283
    outer loop
      vertex -20.6682 4.68546 41.6356
      vertex -25.5 3.64692 21.8191
      vertex -20.7458 4.69741 41.8637
    endloop
  endfacet
  facet normal 5.43247e-06 0.998629 -0.0523371
    outer loop
      vertex -20.7458 4.69741 41.8637
      vertex -25.5 3.64692 21.8191
      vertex -21.0172 4.73926 42.6622
    endloop
  endfacet
  facet normal 8.59665e-07 0.99863 -0.0523361
    outer loop
      vertex -21.229 4.79499 43.7256
      vertex -25.5 3.64692 21.8191
      vertex -26 5.6001 59.0879
    endloop
  endfacet
  facet normal 0 0.99863 -0.052336
    outer loop
      vertex -26 2.71306 4
      vertex -25.5 3.64692 21.8191
      vertex -25.5 2.71306 4
    endloop
  endfacet
  facet normal 2.47156e-06 0.99863 -0.0523361
    outer loop
      vertex -25.5 3.64692 21.8191
      vertex -26 2.71306 4
      vertex -26 5.6001 59.0879
    endloop
  endfacet
  facet normal 0 0.998628 -0.0523589
    outer loop
      vertex 26 2.49657 -0.130839
      vertex -26 2.50343 0
      vertex 26 2.50343 0
    endloop
  endfacet
  facet normal 0 0.998628 -0.0523589
    outer loop
      vertex -26 2.50343 0
      vertex 26 2.49657 -0.130839
      vertex -26 2.49657 -0.130839
    endloop
  endfacet
  facet normal -0 0.0523199 0.99863
    outer loop
      vertex -26 5.6001 59.0879
      vertex 26 3.10352 59.2187
      vertex 26 5.6001 59.0879
    endloop
  endfacet
  facet normal 0 0.0523199 0.99863
    outer loop
      vertex 26 3.10352 59.2187
      vertex -26 5.6001 59.0879
      vertex -26 3.10352 59.2187
    endloop
  endfacet
  facet normal 0 -0.99863 0.0523358
    outer loop
      vertex -22.5 0.209631 4
      vertex 22.5 1.3071 24.941
      vertex -22.5 1.3071 24.941
    endloop
  endfacet
  facet normal 0 -0.99863 0.0523358
    outer loop
      vertex 22.5 1.3071 24.941
      vertex -22.5 0.209631 4
      vertex 22.5 0.209631 4
    endloop
  endfacet
  facet normal 2.25655e-06 -0.998629 0.0523407
    outer loop
      vertex -11.0884 2.77717 52.9915
      vertex -26 3.10352 59.2187
      vertex -11.9166 2.78579 53.156
    endloop
  endfacet
  facet normal 9.48972e-06 -0.998631 0.0523151
    outer loop
      vertex 26 3.10352 59.2187
      vertex 12.7593 2.78868 53.2112
      vertex 13 2.78951 53.227
    endloop
  endfacet
  facet normal -5.52429e-05 -0.998636 0.0522034
    outer loop
      vertex -10.8518 2.7747 52.9445
      vertex -26 3.10352 59.2187
      vertex -11.0884 2.77717 52.9915
    endloop
  endfacet
  facet normal -4.03289e-06 -0.998629 0.0523449
    outer loop
      vertex 26 3.10352 59.2187
      vertex 11.9166 2.78579 53.156
      vertex 12.7593 2.78868 53.2112
    endloop
  endfacet
  facet normal 0 -0.99863 0.0523365
    outer loop
      vertex -26 3.10352 59.2187
      vertex -10.8518 2.7747 52.9445
      vertex 26 3.10352 59.2187
    endloop
  endfacet
  facet normal -2.25655e-06 -0.998629 0.0523407
    outer loop
      vertex 26 3.10352 59.2187
      vertex 11.0884 2.77717 52.9915
      vertex 11.9166 2.78579 53.156
    endloop
  endfacet
  facet normal 0 -0.99863 0.0523365
    outer loop
      vertex 10.8518 2.7747 52.9445
      vertex 26 3.10352 59.2187
      vertex -10.8518 2.7747 52.9445
    endloop
  endfacet
  facet normal 5.52429e-05 -0.998636 0.0522034
    outer loop
      vertex 26 3.10352 59.2187
      vertex 10.8518 2.7747 52.9445
      vertex 11.0884 2.77717 52.9915
    endloop
  endfacet
  facet normal 0 -0.99863 0.0523242
    outer loop
      vertex -9.82373 2.75644 52.596
      vertex 10.8518 2.7747 52.9445
      vertex -10.8518 2.7747 52.9445
    endloop
  endfacet
  facet normal 0 -0.99863 0.0523242
    outer loop
      vertex -9.82373 2.75644 52.596
      vertex 9.82373 2.75644 52.596
      vertex 10.8518 2.7747 52.9445
    endloop
  endfacet
  facet normal 0 -0.998629 0.0523369
    outer loop
      vertex -8.85 2.73131 52.1165
      vertex 9.82373 2.75644 52.596
      vertex -9.82373 2.75644 52.596
    endloop
  endfacet
  facet normal 0 -0.998629 0.0523369
    outer loop
      vertex -8.85 2.73131 52.1165
      vertex 8.85 2.73131 52.1165
      vertex 9.82373 2.75644 52.596
    endloop
  endfacet
  facet normal 0 -0.99863 0.0523352
    outer loop
      vertex -7.94728 2.69974 51.5141
      vertex 8.85 2.73131 52.1165
      vertex -8.85 2.73131 52.1165
    endloop
  endfacet
  facet normal 0 -0.99863 0.0523352
    outer loop
      vertex -7.94728 2.69974 51.5141
      vertex 7.94728 2.69974 51.5141
      vertex 8.85 2.73131 52.1165
    endloop
  endfacet
  facet normal 0 -0.99863 0.0523212
    outer loop
      vertex -7.76589 2.69142 51.3553
      vertex 7.94728 2.69974 51.5141
      vertex -7.94728 2.69974 51.5141
    endloop
  endfacet
  facet normal 0 -0.99863 0.0523212
    outer loop
      vertex -7.76589 2.69142 51.3553
      vertex 7.76589 2.69142 51.3553
      vertex 7.94728 2.69974 51.5141
    endloop
  endfacet
  facet normal 0 -0.998629 0.0523382
    outer loop
      vertex -7.13101 2.66228 50.7993
      vertex 7.76589 2.69142 51.3553
      vertex -7.76589 2.69142 51.3553
    endloop
  endfacet
  facet normal 0 -0.998629 0.0523382
    outer loop
      vertex -7.13101 2.66228 50.7993
      vertex 7.13101 2.66228 50.7993
      vertex 7.76589 2.69142 51.3553
    endloop
  endfacet
  facet normal 0 -0.998629 0.0523414
    outer loop
      vertex -6.57424 2.62905 50.1653
      vertex 7.13101 2.66228 50.7993
      vertex -7.13101 2.66228 50.7993
    endloop
  endfacet
  facet normal 0 -0.998629 0.0523414
    outer loop
      vertex -6.57424 2.62905 50.1653
      vertex 6.57424 2.62905 50.1653
      vertex 7.13101 2.66228 50.7993
    endloop
  endfacet
  facet normal 0 -0.998631 0.0523014
    outer loop
      vertex -6.41517 2.61956 49.9841
      vertex 6.57424 2.62905 50.1653
      vertex -6.57424 2.62905 50.1653
    endloop
  endfacet
  facet normal 0 -0.998631 0.0523014
    outer loop
      vertex -6.41517 2.61956 49.9841
      vertex 6.41517 2.61956 49.9841
      vertex 6.57424 2.62905 50.1653
    endloop
  endfacet
  facet normal 0 -0.998629 0.0523495
    outer loop
      vertex -6.28113 2.60906 49.7838
      vertex 6.41517 2.61956 49.9841
      vertex -6.41517 2.61956 49.9841
    endloop
  endfacet
  facet normal 0 -0.998629 0.0523495
    outer loop
      vertex -6.28113 2.60906 49.7838
      vertex 6.28113 2.60906 49.7838
      vertex 6.41517 2.61956 49.9841
    endloop
  endfacet
  facet normal 0 -0.998629 0.0523383
    outer loop
      vertex -5.81199 2.57231 49.0826
      vertex 6.28113 2.60906 49.7838
      vertex -6.28113 2.60906 49.7838
    endloop
  endfacet
  facet normal 0 -0.998629 0.0523383
    outer loop
      vertex -5.81199 2.57231 49.0826
      vertex 5.81199 2.57231 49.0826
      vertex 6.28113 2.60906 49.7838
    endloop
  endfacet
  facet normal 0 -0.99863 0.0523281
    outer loop
      vertex -5.43851 2.53268 48.3263
      vertex 5.81199 2.57231 49.0826
      vertex -5.81199 2.57231 49.0826
    endloop
  endfacet
  facet normal 0 -0.99863 0.0523281
    outer loop
      vertex -5.43851 2.53268 48.3263
      vertex 5.43851 2.53268 48.3263
      vertex 5.81199 2.57231 49.0826
    endloop
  endfacet
  facet normal 0 -0.998628 0.0523575
    outer loop
      vertex -5.3318 2.52135 48.1102
      vertex 5.43851 2.53268 48.3263
      vertex -5.43851 2.53268 48.3263
    endloop
  endfacet
  facet normal 0 -0.998628 0.0523575
    outer loop
      vertex -5.3318 2.52135 48.1102
      vertex 5.3318 2.52135 48.1102
      vertex 5.43851 2.53268 48.3263
    endloop
  endfacet
  facet normal 0 -0.99863 0.0523342
    outer loop
      vertex -4.98281 2.46755 47.0836
      vertex 5.3318 2.52135 48.1102
      vertex -5.3318 2.52135 48.1102
    endloop
  endfacet
  facet normal 0 -0.99863 0.0523342
    outer loop
      vertex -4.98281 2.46755 47.0836
      vertex 4.98281 2.46755 47.0836
      vertex 5.3318 2.52135 48.1102
    endloop
  endfacet
  facet normal 0 -0.99863 0.0523356
    outer loop
      vertex -4.77101 2.41182 46.0202
      vertex 4.98281 2.46755 47.0836
      vertex -4.98281 2.46755 47.0836
    endloop
  endfacet
  facet normal 0 -0.99863 0.0523356
    outer loop
      vertex -4.77101 2.41182 46.0202
      vertex 4.77101 2.41182 46.0202
      vertex 4.98281 2.46755 47.0836
    endloop
  endfacet
  facet normal 0 -0.99863 0.052336
    outer loop
      vertex -4.7 2.35512 44.9383
      vertex 4.77101 2.41182 46.0202
      vertex -4.77101 2.41182 46.0202
    endloop
  endfacet
  facet normal 0 -0.99863 0.052336
    outer loop
      vertex -4.7 2.35512 44.9383
      vertex 4.7 2.35512 44.9383
      vertex 4.77101 2.41182 46.0202
    endloop
  endfacet
  facet normal 0 -0.998629 0.0523408
    outer loop
      vertex -4.75523 2.31102 44.0969
      vertex 4.7 2.35512 44.9383
      vertex -4.7 2.35512 44.9383
    endloop
  endfacet
  facet normal 0 -0.998629 0.0523408
    outer loop
      vertex -4.75523 2.31102 44.0969
      vertex 4.75523 2.31102 44.0969
      vertex 4.7 2.35512 44.9383
    endloop
  endfacet
  facet normal 0 -0.99863 0.0523191
    outer loop
      vertex -4.77101 2.29842 43.8564
      vertex 4.75523 2.31102 44.0969
      vertex -4.75523 2.31102 44.0969
    endloop
  endfacet
  facet normal 0 -0.99863 0.0523191
    outer loop
      vertex -4.77101 2.29842 43.8564
      vertex 4.77101 2.29842 43.8564
      vertex 4.75523 2.31102 44.0969
    endloop
  endfacet
  facet normal 0 -0.998629 0.0523405
    outer loop
      vertex -4.98281 2.24269 42.7931
      vertex 4.77101 2.29842 43.8564
      vertex -4.77101 2.29842 43.8564
    endloop
  endfacet
  facet normal 0 -0.998629 0.0523405
    outer loop
      vertex -4.98281 2.24269 42.7931
      vertex 4.98281 2.24269 42.7931
      vertex 4.77101 2.29842 43.8564
    endloop
  endfacet
  facet normal 0 -0.998629 0.0523383
    outer loop
      vertex -5.06037 2.23073 42.5649
      vertex 4.98281 2.24269 42.7931
      vertex -4.98281 2.24269 42.7931
    endloop
  endfacet
  facet normal 0 -0.998629 0.0523383
    outer loop
      vertex -5.06037 2.23073 42.5649
      vertex 5.06037 2.23073 42.5649
      vertex 4.98281 2.24269 42.7931
    endloop
  endfacet
  facet normal 0 -0.998629 0.0523389
    outer loop
      vertex -5.3318 2.18888 41.7664
      vertex 5.06037 2.23073 42.5649
      vertex -5.06037 2.23073 42.5649
    endloop
  endfacet
  facet normal 0 -0.998629 0.0523389
    outer loop
      vertex -5.3318 2.18888 41.7664
      vertex 5.3318 2.18888 41.7664
      vertex 5.06037 2.23073 42.5649
    endloop
  endfacet
  facet normal 0 -0.99863 0.0523346
    outer loop
      vertex -5.81199 2.13792 40.794
      vertex 5.3318 2.18888 41.7664
      vertex -5.3318 2.18888 41.7664
    endloop
  endfacet
  facet normal 0 -0.99863 0.0523346
    outer loop
      vertex -5.81199 2.13792 40.794
      vertex 5.81199 2.13792 40.794
      vertex 5.3318 2.18888 41.7664
    endloop
  endfacet
  facet normal 0 -0.99863 0.0523316
    outer loop
      vertex -6.28113 2.10118 40.0929
      vertex 5.81199 2.13792 40.794
      vertex -5.81199 2.13792 40.794
    endloop
  endfacet
  facet normal 0 -0.99863 0.0523316
    outer loop
      vertex -6.28113 2.10118 40.0929
      vertex 6.28113 2.10118 40.0929
      vertex 5.81199 2.13792 40.794
    endloop
  endfacet
  facet normal 0 -0.99863 0.0523234
    outer loop
      vertex -6.41517 2.09068 39.8925
      vertex 6.28113 2.10118 40.0929
      vertex -6.28113 2.10118 40.0929
    endloop
  endfacet
  facet normal 0 -0.99863 0.0523234
    outer loop
      vertex -6.41517 2.09068 39.8925
      vertex 6.41517 2.09068 39.8925
      vertex 6.28113 2.10118 40.0929
    endloop
  endfacet
  facet normal 0 -0.998629 0.0523389
    outer loop
      vertex -7.13101 2.04796 39.0774
      vertex 6.41517 2.09068 39.8925
      vertex -6.41517 2.09068 39.8925
    endloop
  endfacet
  facet normal 0 -0.998629 0.0523389
    outer loop
      vertex -7.13101 2.04796 39.0774
      vertex 7.13101 2.04796 39.0774
      vertex 6.41517 2.09068 39.8925
    endloop
  endfacet
  facet normal 0 -0.998629 0.052351
    outer loop
      vertex -7.31241 2.03963 38.9185
      vertex 7.13101 2.04796 39.0774
      vertex -7.13101 2.04796 39.0774
    endloop
  endfacet
  facet normal 0 -0.998629 0.052351
    outer loop
      vertex -7.31241 2.03963 38.9185
      vertex 7.31241 2.03963 38.9185
      vertex 7.13101 2.04796 39.0774
    endloop
  endfacet
  facet normal 0 -0.998629 0.0523382
    outer loop
      vertex -7.94728 2.01049 38.3625
      vertex 7.31241 2.03963 38.9185
      vertex -7.31241 2.03963 38.9185
    endloop
  endfacet
  facet normal 0 -0.998629 0.0523382
    outer loop
      vertex -7.94728 2.01049 38.3625
      vertex 7.94728 2.01049 38.3625
      vertex 7.31241 2.03963 38.9185
    endloop
  endfacet
  facet normal 0 -0.99863 0.0523295
    outer loop
      vertex -8.64939 1.98594 37.894
      vertex 7.94728 2.01049 38.3625
      vertex -7.94728 2.01049 38.3625
    endloop
  endfacet
  facet normal 0 -0.99863 0.0523295
    outer loop
      vertex -8.64939 1.98594 37.894
      vertex 8.64939 1.98594 37.894
      vertex 7.94728 2.01049 38.3625
    endloop
  endfacet
  facet normal 0 -0.99863 0.0523199
    outer loop
      vertex -8.85 1.97893 37.7602
      vertex 8.64939 1.98594 37.894
      vertex -8.64939 1.98594 37.894
    endloop
  endfacet
  facet normal 0 -0.99863 0.0523199
    outer loop
      vertex -8.85 1.97893 37.7602
      vertex 8.85 1.97893 37.7602
      vertex 8.64939 1.98594 37.894
    endloop
  endfacet
  facet normal 0 -0.998628 0.0523671
    outer loop
      vertex -9.06638 1.97334 37.6536
      vertex 8.85 1.97893 37.7602
      vertex -8.85 1.97893 37.7602
    endloop
  endfacet
  facet normal 0 -0.998628 0.0523671
    outer loop
      vertex -9.06638 1.97334 37.6536
      vertex 9.06638 1.97334 37.6536
      vertex 8.85 1.97893 37.7602
    endloop
  endfacet
  facet normal 0 -0.998629 0.052341
    outer loop
      vertex -9.82373 1.95379 37.2806
      vertex 9.06638 1.97334 37.6536
      vertex -9.06638 1.97334 37.6536
    endloop
  endfacet
  facet normal 0 -0.998629 0.052341
    outer loop
      vertex -9.82373 1.95379 37.2806
      vertex 9.82373 1.95379 37.2806
      vertex 9.06638 1.97334 37.6536
    endloop
  endfacet
  facet normal -6.08348e-06 -0.998629 0.0523421
    outer loop
      vertex -22.5 1.3071 24.941
      vertex -9.82373 1.95379 37.2806
      vertex -10.8518 1.93553 36.9321
    endloop
  endfacet
  facet normal 0 -0.99863 0.0523359
    outer loop
      vertex -9.82373 1.95379 37.2806
      vertex -22.5 1.3071 24.941
      vertex 9.82373 1.95379 37.2806
    endloop
  endfacet
  facet normal -1.6762e-06 -0.998629 0.0523378
    outer loop
      vertex -22.5 1.3071 24.941
      vertex -10.8518 1.93553 36.9321
      vertex -11.68 1.92691 36.7676
    endloop
  endfacet
  facet normal 0 -0.99863 0.0523359
    outer loop
      vertex 22.5 1.3071 24.941
      vertex 9.82373 1.95379 37.2806
      vertex -22.5 1.3071 24.941
    endloop
  endfacet
  facet normal -1.64142e-05 -0.998629 0.0523513
    outer loop
      vertex -22.5 1.3071 24.941
      vertex -11.68 1.92691 36.7676
      vertex -11.9166 1.92445 36.7206
    endloop
  endfacet
  facet normal 6.08348e-06 -0.998629 0.0523421
    outer loop
      vertex 9.82373 1.95379 37.2806
      vertex 22.5 1.3071 24.941
      vertex 10.8518 1.93553 36.9321
    endloop
  endfacet
  facet normal 4.15667e-06 -0.99863 0.0523329
    outer loop
      vertex -22.5 1.3071 24.941
      vertex -11.9166 1.92445 36.7206
      vertex -13 1.92073 36.6497
    endloop
  endfacet
  facet normal 1.6762e-06 -0.998629 0.0523378
    outer loop
      vertex 10.8518 1.93553 36.9321
      vertex 22.5 1.3071 24.941
      vertex 11.68 1.92691 36.7676
    endloop
  endfacet
  facet normal -9.48972e-06 -0.998631 0.0523151
    outer loop
      vertex -12.7593 2.78868 53.2112
      vertex -26 3.10352 59.2187
      vertex -13 2.78951 53.227
    endloop
  endfacet
  facet normal 7.12361e-06 -0.998629 0.0523511
    outer loop
      vertex -26 3.10352 59.2187
      vertex -13.2407 2.78868 53.2112
      vertex -13 2.78951 53.227
    endloop
  endfacet
  facet normal -3.02922e-06 -0.99863 0.0523296
    outer loop
      vertex -26 3.10352 59.2187
      vertex -14.0834 2.78579 53.156
      vertex -13.2407 2.78868 53.2112
    endloop
  endfacet
  facet normal -8.74125e-07 -0.99863 0.0523338
    outer loop
      vertex -26 3.10352 59.2187
      vertex -14.9116 2.77717 52.9915
      vertex -14.0834 2.78579 53.156
    endloop
  endfacet
  facet normal 2.13964e-05 -0.998628 0.0523734
    outer loop
      vertex -26 3.10352 59.2187
      vertex -15.1482 2.7747 52.9445
      vertex -14.9116 2.77717 52.9915
    endloop
  endfacet
  facet normal -2.62317e-06 -0.99863 0.0523319
    outer loop
      vertex -26 3.10352 59.2187
      vertex -16.1763 2.75644 52.596
      vertex -15.1482 2.7747 52.9445
    endloop
  endfacet
  facet normal 3.21362e-07 -0.99863 0.0523363
    outer loop
      vertex -26 3.10352 59.2187
      vertex -17.15 2.73131 52.1165
      vertex -16.1763 2.75644 52.596
    endloop
  endfacet
  facet normal -2.42378e-07 -0.99863 0.0523356
    outer loop
      vertex -26 3.10352 59.2187
      vertex -18.0527 2.69974 51.5141
      vertex -17.15 2.73131 52.1165
    endloop
  endfacet
  facet normal -6.75554e-06 -0.99863 0.0523289
    outer loop
      vertex -26 3.10352 59.2187
      vertex -18.2341 2.69142 51.3553
      vertex -18.0527 2.69974 51.5141
    endloop
  endfacet
  facet normal 1.27383e-06 -0.998629 0.0523368
    outer loop
      vertex -26 3.10352 59.2187
      vertex -18.869 2.66228 50.7993
      vertex -18.2341 2.69142 51.3553
    endloop
  endfacet
  facet normal 3.30766e-06 -0.998629 0.0523385
    outer loop
      vertex -26 3.10352 59.2187
      vertex -19.4258 2.62905 50.1653
      vertex -18.869 2.66228 50.7993
    endloop
  endfacet
  facet normal -2.17124e-05 -0.99863 0.0523204
    outer loop
      vertex -26 3.10352 59.2187
      vertex -19.5848 2.61956 49.9841
      vertex -19.4258 2.62905 50.1653
    endloop
  endfacet
  facet normal 1.03341e-05 -0.998629 0.0523426
    outer loop
      vertex -26 3.10352 59.2187
      vertex -19.7189 2.60906 49.7838
      vertex -19.5848 2.61956 49.9841
    endloop
  endfacet
  facet normal 1.94779e-06 -0.998629 0.052337
    outer loop
      vertex -26 3.10352 59.2187
      vertex -20.188 2.57231 49.0826
      vertex -19.7189 2.60906 49.7838
    endloop
  endfacet
  facet normal -7.3822e-06 -0.99863 0.0523317
    outer loop
      vertex -26 3.10352 59.2187
      vertex -20.5615 2.53268 48.3263
      vertex -20.188 2.57231 49.0826
    endloop
  endfacet
  facet normal 2.23729e-05 -0.998629 0.0523465
    outer loop
      vertex -26 3.10352 59.2187
      vertex -20.6682 2.52135 48.1102
      vertex -20.5615 2.53268 48.3263
    endloop
  endfacet
  facet normal -1.96746e-06 -0.99863 0.0523349
    outer loop
      vertex -26 3.10352 59.2187
      vertex -21.0172 2.46755 47.0836
      vertex -20.6682 2.52135 48.1102
    endloop
  endfacet
  facet normal -1.74499e-07 -0.99863 0.0523356
    outer loop
      vertex -26 3.10352 59.2187
      vertex -21.229 2.41182 46.0202
      vertex -21.0172 2.46755 47.0836
    endloop
  endfacet
  facet normal 7.72857e-07 -0.99863 0.0523359
    outer loop
      vertex -26 3.10352 59.2187
      vertex -21.3 2.35512 44.9383
      vertex -21.229 2.41182 46.0202
    endloop
  endfacet
  facet normal 1.95165e-05 -0.998629 0.0523421
    outer loop
      vertex -26 3.10352 59.2187
      vertex -21.2448 2.31102 44.0969
      vertex -21.3 2.35512 44.9383
    endloop
  endfacet
  facet normal -6.79624e-05 -0.998631 0.0523146
    outer loop
      vertex -26 3.10352 59.2187
      vertex -21.229 2.29842 43.8564
      vertex -21.2448 2.31102 44.0969
    endloop
  endfacet
  facet normal 1.06807e-06 -0.99863 0.052336
    outer loop
      vertex -25.5 1.3071 24.941
      vertex -21.229 2.29842 43.8564
      vertex -26 3.10352 59.2187
    endloop
  endfacet
  facet normal -3.93017e-06 -0.998629 0.052337
    outer loop
      vertex -25.5 1.3071 24.941
      vertex -20.9396 2.23073 42.5649
      vertex -21.0172 2.24269 42.7931
    endloop
  endfacet
  facet normal -9.26255e-06 -0.998629 0.0523405
    outer loop
      vertex -25.5 1.3071 24.941
      vertex -18.6876 2.03963 38.9185
      vertex -18.869 2.04796 39.0774
    endloop
  endfacet
  facet normal -3.73751e-06 -0.998629 0.0523392
    outer loop
      vertex -14.0834 1.92445 36.7206
      vertex -22.5 1.3071 24.941
      vertex -13 1.92073 36.6497
    endloop
  endfacet
  facet normal 1.18086e-05 -0.99863 0.0523282
    outer loop
      vertex -14.32 1.92691 36.7676
      vertex -22.5 1.3071 24.941
      vertex -14.0834 1.92445 36.7206
    endloop
  endfacet
  facet normal 1.20593e-06 -0.99863 0.0523355
    outer loop
      vertex -15.1482 1.93553 36.9321
      vertex -22.5 1.3071 24.941
      vertex -14.32 1.92691 36.7676
    endloop
  endfacet
  facet normal 3.37807e-06 -0.99863 0.0523341
    outer loop
      vertex -16.1763 1.95379 37.2806
      vertex -22.5 1.3071 24.941
      vertex -15.1482 1.93553 36.9321
    endloop
  endfacet
  facet normal -2.03164e-06 -0.998629 0.0523369
    outer loop
      vertex -16.9336 1.97334 37.6536
      vertex -22.5 1.3071 24.941
      vertex -16.1763 1.95379 37.2806
    endloop
  endfacet
  facet normal -1.26158e-05 -0.998629 0.0523415
    outer loop
      vertex -17.15 1.97893 37.7602
      vertex -22.5 1.3071 24.941
      vertex -16.9336 1.97334 37.6536
    endloop
  endfacet
  facet normal 8.58539e-06 -0.99863 0.0523327
    outer loop
      vertex -17.3506 1.98594 37.894
      vertex -22.5 1.3071 24.941
      vertex -17.15 1.97893 37.7602
    endloop
  endfacet
  facet normal 3.50529e-06 -0.99863 0.0523347
    outer loop
      vertex -18.0527 2.01049 38.3625
      vertex -22.5 1.3071 24.941
      vertex -17.3506 1.98594 37.894
    endloop
  endfacet
  facet normal -1.60504e-06 -0.99863 0.0523364
    outer loop
      vertex -18.6876 2.03963 38.9185
      vertex -22.5 1.3071 24.941
      vertex -18.0527 2.01049 38.3625
    endloop
  endfacet
  facet normal 0 -0.99863 0.052336
    outer loop
      vertex -18.6876 2.03963 38.9185
      vertex -25.5 1.3071 24.941
      vertex -22.5 1.3071 24.941
    endloop
  endfacet
  facet normal -2.05995e-06 -0.998629 0.0523371
    outer loop
      vertex -19.5848 2.09068 39.8925
      vertex -25.5 1.3071 24.941
      vertex -18.869 2.04796 39.0774
    endloop
  endfacet
  facet normal 1.21079e-05 -0.99863 0.0523315
    outer loop
      vertex -19.7189 2.10118 40.0929
      vertex -25.5 1.3071 24.941
      vertex -19.5848 2.09068 39.8925
    endloop
  endfacet
  facet normal 4.35586e-06 -0.99863 0.0523345
    outer loop
      vertex -20.188 2.13792 40.794
      vertex -25.5 1.3071 24.941
      vertex -19.7189 2.10118 40.0929
    endloop
  endfacet
  facet normal 1.60118e-06 -0.99863 0.0523354
    outer loop
      vertex -20.6682 2.18888 41.7664
      vertex -25.5 1.3071 24.941
      vertex -20.188 2.13792 40.794
    endloop
  endfacet
  facet normal -4.93826e-06 -0.998629 0.0523373
    outer loop
      vertex -20.9396 2.23073 42.5649
      vertex -25.5 1.3071 24.941
      vertex -20.6682 2.18888 41.7664
    endloop
  endfacet
  facet normal -9.89396e-06 -0.998629 0.0523385
    outer loop
      vertex -21.229 2.29842 43.8564
      vertex -25.5 1.3071 24.941
      vertex -21.0172 2.24269 42.7931
    endloop
  endfacet
  facet normal -4.2709e-06 -0.99863 0.0523359
    outer loop
      vertex -26 0.209631 4
      vertex -25.5 1.3071 24.941
      vertex -26 3.10352 59.2187
    endloop
  endfacet
  facet normal 0 -0.99863 0.0523358
    outer loop
      vertex -25.5 1.3071 24.941
      vertex -26 0.209631 4
      vertex -25.5 0.209631 4
    endloop
  endfacet
  facet normal 4.03289e-06 -0.998629 0.0523449
    outer loop
      vertex -11.9166 2.78579 53.156
      vertex -26 3.10352 59.2187
      vertex -12.7593 2.78868 53.2112
    endloop
  endfacet
  facet normal -7.12361e-06 -0.998629 0.0523511
    outer loop
      vertex 13.2407 2.78868 53.2112
      vertex 26 3.10352 59.2187
      vertex 13 2.78951 53.227
    endloop
  endfacet
  facet normal 3.02922e-06 -0.99863 0.0523296
    outer loop
      vertex 14.0834 2.78579 53.156
      vertex 26 3.10352 59.2187
      vertex 13.2407 2.78868 53.2112
    endloop
  endfacet
  facet normal 8.74125e-07 -0.99863 0.0523338
    outer loop
      vertex 14.9116 2.77717 52.9915
      vertex 26 3.10352 59.2187
      vertex 14.0834 2.78579 53.156
    endloop
  endfacet
  facet normal -2.13964e-05 -0.998628 0.0523734
    outer loop
      vertex 15.1482 2.7747 52.9445
      vertex 26 3.10352 59.2187
      vertex 14.9116 2.77717 52.9915
    endloop
  endfacet
  facet normal 2.62317e-06 -0.99863 0.0523319
    outer loop
      vertex 16.1763 2.75644 52.596
      vertex 26 3.10352 59.2187
      vertex 15.1482 2.7747 52.9445
    endloop
  endfacet
  facet normal -3.21362e-07 -0.99863 0.0523363
    outer loop
      vertex 17.15 2.73131 52.1165
      vertex 26 3.10352 59.2187
      vertex 16.1763 2.75644 52.596
    endloop
  endfacet
  facet normal 2.42378e-07 -0.99863 0.0523356
    outer loop
      vertex 18.0527 2.69974 51.5141
      vertex 26 3.10352 59.2187
      vertex 17.15 2.73131 52.1165
    endloop
  endfacet
  facet normal 6.75554e-06 -0.99863 0.0523289
    outer loop
      vertex 18.2341 2.69142 51.3553
      vertex 26 3.10352 59.2187
      vertex 18.0527 2.69974 51.5141
    endloop
  endfacet
  facet normal -1.27383e-06 -0.998629 0.0523368
    outer loop
      vertex 18.869 2.66228 50.7993
      vertex 26 3.10352 59.2187
      vertex 18.2341 2.69142 51.3553
    endloop
  endfacet
  facet normal -3.30766e-06 -0.998629 0.0523385
    outer loop
      vertex 19.4258 2.62905 50.1653
      vertex 26 3.10352 59.2187
      vertex 18.869 2.66228 50.7993
    endloop
  endfacet
  facet normal 2.17124e-05 -0.99863 0.0523204
    outer loop
      vertex 19.5848 2.61956 49.9841
      vertex 26 3.10352 59.2187
      vertex 19.4258 2.62905 50.1653
    endloop
  endfacet
  facet normal -1.03341e-05 -0.998629 0.0523426
    outer loop
      vertex 19.7189 2.60906 49.7838
      vertex 26 3.10352 59.2187
      vertex 19.5848 2.61956 49.9841
    endloop
  endfacet
  facet normal -1.94779e-06 -0.998629 0.052337
    outer loop
      vertex 20.188 2.57231 49.0826
      vertex 26 3.10352 59.2187
      vertex 19.7189 2.60906 49.7838
    endloop
  endfacet
  facet normal 7.3822e-06 -0.99863 0.0523317
    outer loop
      vertex 20.5615 2.53268 48.3263
      vertex 26 3.10352 59.2187
      vertex 20.188 2.57231 49.0826
    endloop
  endfacet
  facet normal -2.23729e-05 -0.998629 0.0523465
    outer loop
      vertex 20.6682 2.52135 48.1102
      vertex 26 3.10352 59.2187
      vertex 20.5615 2.53268 48.3263
    endloop
  endfacet
  facet normal 1.96746e-06 -0.99863 0.0523349
    outer loop
      vertex 21.0172 2.46755 47.0836
      vertex 26 3.10352 59.2187
      vertex 20.6682 2.52135 48.1102
    endloop
  endfacet
  facet normal 1.74499e-07 -0.99863 0.0523356
    outer loop
      vertex 21.229 2.41182 46.0202
      vertex 26 3.10352 59.2187
      vertex 21.0172 2.46755 47.0836
    endloop
  endfacet
  facet normal -7.72857e-07 -0.99863 0.0523359
    outer loop
      vertex 21.3 2.35512 44.9383
      vertex 26 3.10352 59.2187
      vertex 21.229 2.41182 46.0202
    endloop
  endfacet
  facet normal -1.95165e-05 -0.998629 0.0523421
    outer loop
      vertex 21.2448 2.31102 44.0969
      vertex 26 3.10352 59.2187
      vertex 21.3 2.35512 44.9383
    endloop
  endfacet
  facet normal 6.79624e-05 -0.998631 0.0523146
    outer loop
      vertex 21.229 2.29842 43.8564
      vertex 26 3.10352 59.2187
      vertex 21.2448 2.31102 44.0969
    endloop
  endfacet
  facet normal 9.89396e-06 -0.998629 0.0523385
    outer loop
      vertex 25.5 1.3071 24.941
      vertex 21.229 2.29842 43.8564
      vertex 21.0172 2.24269 42.7931
    endloop
  endfacet
  facet normal 4.93826e-06 -0.998629 0.0523373
    outer loop
      vertex 25.5 1.3071 24.941
      vertex 20.9396 2.23073 42.5649
      vertex 20.6682 2.18888 41.7664
    endloop
  endfacet
  facet normal 1.60504e-06 -0.99863 0.0523364
    outer loop
      vertex 22.5 1.3071 24.941
      vertex 18.6876 2.03963 38.9185
      vertex 18.0527 2.01049 38.3625
    endloop
  endfacet
  facet normal 1.64142e-05 -0.998629 0.0523513
    outer loop
      vertex 11.68 1.92691 36.7676
      vertex 22.5 1.3071 24.941
      vertex 11.9166 1.92445 36.7206
    endloop
  endfacet
  facet normal -4.15667e-06 -0.99863 0.0523329
    outer loop
      vertex 11.9166 1.92445 36.7206
      vertex 22.5 1.3071 24.941
      vertex 13 1.92073 36.6497
    endloop
  endfacet
  facet normal 3.73751e-06 -0.998629 0.0523392
    outer loop
      vertex 13 1.92073 36.6497
      vertex 22.5 1.3071 24.941
      vertex 14.0834 1.92445 36.7206
    endloop
  endfacet
  facet normal -1.18086e-05 -0.99863 0.0523282
    outer loop
      vertex 14.0834 1.92445 36.7206
      vertex 22.5 1.3071 24.941
      vertex 14.32 1.92691 36.7676
    endloop
  endfacet
  facet normal -1.20593e-06 -0.99863 0.0523355
    outer loop
      vertex 14.32 1.92691 36.7676
      vertex 22.5 1.3071 24.941
      vertex 15.1482 1.93553 36.9321
    endloop
  endfacet
  facet normal -3.37807e-06 -0.99863 0.0523341
    outer loop
      vertex 22.5 1.3071 24.941
      vertex 16.1763 1.95379 37.2806
      vertex 15.1482 1.93553 36.9321
    endloop
  endfacet
  facet normal 2.03164e-06 -0.998629 0.0523369
    outer loop
      vertex 22.5 1.3071 24.941
      vertex 16.9336 1.97334 37.6536
      vertex 16.1763 1.95379 37.2806
    endloop
  endfacet
  facet normal 1.26158e-05 -0.998629 0.0523415
    outer loop
      vertex 22.5 1.3071 24.941
      vertex 17.15 1.97893 37.7602
      vertex 16.9336 1.97334 37.6536
    endloop
  endfacet
  facet normal -8.58539e-06 -0.99863 0.0523327
    outer loop
      vertex 22.5 1.3071 24.941
      vertex 17.3506 1.98594 37.894
      vertex 17.15 1.97893 37.7602
    endloop
  endfacet
  facet normal -3.50529e-06 -0.99863 0.0523347
    outer loop
      vertex 22.5 1.3071 24.941
      vertex 18.0527 2.01049 38.3625
      vertex 17.3506 1.98594 37.894
    endloop
  endfacet
  facet normal 0 -0.99863 0.052336
    outer loop
      vertex 25.5 1.3071 24.941
      vertex 18.6876 2.03963 38.9185
      vertex 22.5 1.3071 24.941
    endloop
  endfacet
  facet normal 9.26255e-06 -0.998629 0.0523405
    outer loop
      vertex 18.6876 2.03963 38.9185
      vertex 25.5 1.3071 24.941
      vertex 18.869 2.04796 39.0774
    endloop
  endfacet
  facet normal 2.05995e-06 -0.998629 0.0523371
    outer loop
      vertex 18.869 2.04796 39.0774
      vertex 25.5 1.3071 24.941
      vertex 19.5848 2.09068 39.8925
    endloop
  endfacet
  facet normal -1.21079e-05 -0.99863 0.0523315
    outer loop
      vertex 19.5848 2.09068 39.8925
      vertex 25.5 1.3071 24.941
      vertex 19.7189 2.10118 40.0929
    endloop
  endfacet
  facet normal -4.35586e-06 -0.99863 0.0523345
    outer loop
      vertex 19.7189 2.10118 40.0929
      vertex 25.5 1.3071 24.941
      vertex 20.188 2.13792 40.794
    endloop
  endfacet
  facet normal -1.60118e-06 -0.99863 0.0523354
    outer loop
      vertex 20.188 2.13792 40.794
      vertex 25.5 1.3071 24.941
      vertex 20.6682 2.18888 41.7664
    endloop
  endfacet
  facet normal 3.93017e-06 -0.998629 0.052337
    outer loop
      vertex 20.9396 2.23073 42.5649
      vertex 25.5 1.3071 24.941
      vertex 21.0172 2.24269 42.7931
    endloop
  endfacet
  facet normal -1.06807e-06 -0.99863 0.052336
    outer loop
      vertex 21.229 2.29842 43.8564
      vertex 25.5 1.3071 24.941
      vertex 26 3.10352 59.2187
    endloop
  endfacet
  facet normal 0 -0.99863 0.0523358
    outer loop
      vertex 26 0.209631 4
      vertex 25.5 1.3071 24.941
      vertex 25.5 0.209631 4
    endloop
  endfacet
  facet normal 4.2709e-06 -0.99863 0.0523359
    outer loop
      vertex 25.5 1.3071 24.941
      vertex 26 0.209631 4
      vertex 26 3.10352 59.2187
    endloop
  endfacet
  facet normal -0.997859 0.00342373 0.0653129
    outer loop
      vertex -4.77101 4.79499 43.7256
      vertex -4.75523 2.31102 44.0969
      vertex -4.71578 4.83909 44.5671
    endloop
  endfacet
  facet normal -0.99786 0.00342086 0.0652937
    outer loop
      vertex -4.75523 2.31102 44.0969
      vertex -4.77101 4.79499 43.7256
      vertex -4.77101 2.29842 43.8564
    endloop
  endfacet
  facet normal -0.997858 0.00342227 0.0653207
    outer loop
      vertex -4.71578 4.83909 44.5671
      vertex -4.7 2.35512 44.9383
      vertex -4.7 4.85169 44.8075
    endloop
  endfacet
  facet normal -0.997858 0.00342227 0.0653207
    outer loop
      vertex -4.7 2.35512 44.9383
      vertex -4.71578 4.83909 44.5671
      vertex -4.75523 2.31102 44.0969
    endloop
  endfacet
  facet normal -0.980788 0.0102065 0.194811
    outer loop
      vertex -4.98281 4.73926 42.6622
      vertex -4.77101 2.29842 43.8564
      vertex -4.77101 4.79499 43.7256
    endloop
  endfacet
  facet normal -0.980784 0.0102152 0.194828
    outer loop
      vertex -4.77101 2.29842 43.8564
      vertex -4.98281 4.73926 42.6622
      vertex -4.98281 2.24269 42.7931
    endloop
  endfacet
  facet normal 0.195097 0.0513147 0.979441
    outer loop
      vertex -15.1482 1.93553 36.9321
      vertex -14.9116 4.42964 36.7543
      vertex -15.1482 4.4321 36.8013
    endloop
  endfacet
  facet normal 0.195075 0.0513171 0.979445
    outer loop
      vertex -14.9116 4.42964 36.7543
      vertex -15.1482 1.93553 36.9321
      vertex -14.32 1.92691 36.7676
    endloop
  endfacet
  facet normal -0.0655637 -0.0522076 -0.996482
    outer loop
      vertex -11.9166 2.78579 53.156
      vertex -12.1574 5.28319 53.041
      vertex -11.9166 5.28236 53.0252
    endloop
  endfacet
  facet normal -0.0654528 -0.0521972 -0.99649
    outer loop
      vertex -12.1574 5.28319 53.041
      vertex -11.9166 2.78579 53.156
      vertex -12.7593 2.78868 53.2112
    endloop
  endfacet
  facet normal 0.896862 -0.0231494 -0.441704
    outer loop
      vertex -20.5615 2.53268 48.3263
      vertex -20.6682 5.01792 47.9794
      vertex -20.2947 5.05756 48.7357
    endloop
  endfacet
  facet normal 0.896898 -0.023138 -0.441633
    outer loop
      vertex -20.6682 5.01792 47.9794
      vertex -20.5615 2.53268 48.3263
      vertex -20.6682 2.52135 48.1102
    endloop
  endfacet
  facet normal -0.751775 -0.0345272 -0.658515
    outer loop
      vertex -6.97194 5.14936 50.4873
      vertex -7.13101 2.66228 50.7993
      vertex -7.13101 5.15885 50.6684
    endloop
  endfacet
  facet normal -0.751838 -0.0345143 -0.658444
    outer loop
      vertex -7.13101 2.66228 50.7993
      vertex -6.97194 5.14936 50.4873
      vertex -6.57424 2.62905 50.1653
    endloop
  endfacet
  facet normal -0.831431 -0.0290704 -0.554868
    outer loop
      vertex -5.81199 2.57231 49.0826
      vertex -5.94603 5.07938 49.1521
      vertex -5.81199 5.06889 48.9518
    endloop
  endfacet
  facet normal -0.831486 -0.0290757 -0.554784
    outer loop
      vertex -5.94603 5.07938 49.1521
      vertex -5.81199 2.57231 49.0826
      vertex -6.28113 2.60906 49.7838
    endloop
  endfacet
  facet normal 0.55561 -0.043501 -0.830305
    outer loop
      vertex -18.0527 5.19632 51.3833
      vertex -17.15 2.73131 52.1165
      vertex -18.0527 2.69974 51.5141
    endloop
  endfacet
  facet normal 0.555546 -0.0435366 -0.830345
    outer loop
      vertex -17.15 2.73131 52.1165
      vertex -18.0527 5.19632 51.3833
      vertex -17.15 5.22788 51.9856
    endloop
  endfacet
  facet normal 0.751713 -0.0345309 -0.658586
    outer loop
      vertex -18.869 2.66228 50.7993
      vertex -19.0281 5.14936 50.4873
      vertex -18.869 5.15885 50.6684
    endloop
  endfacet
  facet normal 0.75182 -0.0345089 -0.658465
    outer loop
      vertex -19.0281 5.14936 50.4873
      vertex -18.869 2.66228 50.7993
      vertex -19.4258 2.62905 50.1653
    endloop
  endfacet
  facet normal 0.555418 0.0435411 0.830431
    outer loop
      vertex -17.15 4.4755 37.6293
      vertex -17.3506 1.98594 37.894
      vertex -17.15 1.97893 37.7602
    endloop
  endfacet
  facet normal 0.555582 0.0435163 0.830322
    outer loop
      vertex -17.3506 1.98594 37.894
      vertex -17.15 4.4755 37.6293
      vertex -17.8521 4.50005 38.0978
    endloop
  endfacet
  facet normal -0.659427 0.0393626 0.750737
    outer loop
      vertex -7.13101 4.54453 38.9465
      vertex -7.31241 2.03963 38.9185
      vertex -7.13101 2.04796 39.0774
    endloop
  endfacet
  facet normal -0.659338 0.0393553 0.750816
    outer loop
      vertex -7.31241 2.03963 38.9185
      vertex -7.13101 4.54453 38.9465
      vertex -7.76589 4.51539 38.3905
    endloop
  endfacet
  facet normal -0.831486 -0.0290757 -0.554784
    outer loop
      vertex -6.28113 2.60906 49.7838
      vertex -6.41517 5.11613 49.8533
      vertex -5.94603 5.07938 49.1521
    endloop
  endfacet
  facet normal -0.831431 -0.0290705 -0.554867
    outer loop
      vertex -6.41517 5.11613 49.8533
      vertex -6.28113 2.60906 49.7838
      vertex -6.41517 2.61956 49.9841
    endloop
  endfacet
  facet normal 0.896898 -0.0231379 -0.441633
    outer loop
      vertex -20.188 2.57231 49.0826
      vertex -20.2947 5.05756 48.7357
      vertex -20.188 5.06889 48.9518
    endloop
  endfacet
  facet normal 0.896862 -0.0231493 -0.441704
    outer loop
      vertex -20.2947 5.05756 48.7357
      vertex -20.188 2.57231 49.0826
      vertex -20.5615 2.53268 48.3263
    endloop
  endfacet
  facet normal -0.831449 0.0290881 0.554838
    outer loop
      vertex -6.41517 4.58725 39.7617
      vertex -6.28113 2.10118 40.0929
      vertex -5.94603 4.624 40.4628
    endloop
  endfacet
  facet normal -0.831559 0.0290605 0.554676
    outer loop
      vertex -6.28113 2.10118 40.0929
      vertex -6.41517 4.58725 39.7617
      vertex -6.41517 2.09068 39.8925
    endloop
  endfacet
  facet normal -0.555706 0.0434977 0.83024
    outer loop
      vertex -8.14788 4.50005 38.0978
      vertex -7.94728 2.01049 38.3625
      vertex -7.94728 4.50707 38.2317
    endloop
  endfacet
  facet normal -0.555577 0.0435171 0.830326
    outer loop
      vertex -7.94728 2.01049 38.3625
      vertex -8.14788 4.50005 38.0978
      vertex -8.64939 1.98594 37.894
    endloop
  endfacet
  facet normal -0.659212 0.0393423 0.750927
    outer loop
      vertex -7.94728 2.01049 38.3625
      vertex -7.76589 4.51539 38.3905
      vertex -7.94728 4.50707 38.2317
    endloop
  endfacet
  facet normal -0.659344 0.0393531 0.750811
    outer loop
      vertex -7.76589 4.51539 38.3905
      vertex -7.94728 2.01049 38.3625
      vertex -7.31241 2.03963 38.9185
    endloop
  endfacet
  facet normal -0.442403 0.0469214 0.895588
    outer loop
      vertex -9.82373 1.95379 37.2806
      vertex -9.60734 4.45595 37.2564
      vertex -9.82373 4.45037 37.1498
    endloop
  endfacet
  facet normal -0.442316 0.0469143 0.895632
    outer loop
      vertex -9.60734 4.45595 37.2564
      vertex -9.82373 1.95379 37.2806
      vertex -9.06638 1.97334 37.6536
    endloop
  endfacet
  facet normal -0.555571 0.0435157 0.830329
    outer loop
      vertex -8.85 4.4755 37.6293
      vertex -8.64939 1.98594 37.894
      vertex -8.14788 4.50005 38.0978
    endloop
  endfacet
  facet normal -0.555399 0.0435418 0.830443
    outer loop
      vertex -8.64939 1.98594 37.894
      vertex -8.85 4.4755 37.6293
      vertex -8.85 1.97893 37.7602
    endloop
  endfacet
  facet normal 0.195097 0.0513147 0.979441
    outer loop
      vertex -14.0834 4.42102 36.5898
      vertex -14.32 1.92691 36.7676
      vertex -14.0834 1.92445 36.7206
    endloop
  endfacet
  facet normal 0.195075 0.0513171 0.979445
    outer loop
      vertex -14.32 1.92691 36.7676
      vertex -14.0834 4.42102 36.5898
      vertex -14.9116 4.42964 36.7543
    endloop
  endfacet
  facet normal 0.831508 -0.0290645 -0.554752
    outer loop
      vertex -20.188 2.57231 49.0826
      vertex -20.054 5.07938 49.1521
      vertex -19.7189 2.60906 49.7838
    endloop
  endfacet
  facet normal 0.831507 -0.0290644 -0.554753
    outer loop
      vertex -20.054 5.07938 49.1521
      vertex -20.188 2.57231 49.0826
      vertex -20.188 5.06889 48.9518
    endloop
  endfacet
  facet normal -0.896874 0.0231404 0.441681
    outer loop
      vertex -5.81199 4.6345 40.6632
      vertex -5.3318 2.18888 41.7664
      vertex -5.3318 4.68546 41.6356
    endloop
  endfacet
  facet normal -0.896874 0.0231404 0.441681
    outer loop
      vertex -5.3318 2.18888 41.7664
      vertex -5.81199 4.6345 40.6632
      vertex -5.81199 2.13792 40.794
    endloop
  endfacet
  facet normal -0.321436 -0.0495436 -0.945634
    outer loop
      vertex -10.8518 2.7747 52.9445
      vertex -9.82373 5.25301 52.4652
      vertex -9.82373 2.75644 52.596
    endloop
  endfacet
  facet normal -0.321436 -0.0495434 -0.945634
    outer loop
      vertex -9.82373 5.25301 52.4652
      vertex -10.8518 2.7747 52.9445
      vertex -10.8518 5.27128 52.8137
    endloop
  endfacet
  facet normal -0.831559 0.0290604 0.554676
    outer loop
      vertex -5.94603 4.624 40.4628
      vertex -5.81199 2.13792 40.794
      vertex -5.81199 4.6345 40.6632
    endloop
  endfacet
  facet normal -0.831449 0.029088 0.554839
    outer loop
      vertex -5.81199 2.13792 40.794
      vertex -5.94603 4.624 40.4628
      vertex -6.28113 2.10118 40.0929
    endloop
  endfacet
  facet normal -0.195097 0.0513147 0.979441
    outer loop
      vertex -11.0884 4.42964 36.7543
      vertex -10.8518 1.93553 36.9321
      vertex -10.8518 4.4321 36.8013
    endloop
  endfacet
  facet normal -0.195075 0.0513171 0.979445
    outer loop
      vertex -10.8518 1.93553 36.9321
      vertex -11.0884 4.42964 36.7543
      vertex -11.68 1.92691 36.7676
    endloop
  endfacet
  facet normal -0.321436 0.0495434 0.945634
    outer loop
      vertex -10.8518 4.4321 36.8013
      vertex -9.82373 1.95379 37.2806
      vertex -9.82373 4.45037 37.1498
    endloop
  endfacet
  facet normal -0.321436 0.0495436 0.945634
    outer loop
      vertex -9.82373 1.95379 37.2806
      vertex -10.8518 4.4321 36.8013
      vertex -10.8518 1.93553 36.9321
    endloop
  endfacet
  facet normal 0.442386 0.0469218 0.895596
    outer loop
      vertex -16.3927 4.45595 37.2564
      vertex -16.1763 1.95379 37.2806
      vertex -16.1763 4.45037 37.1498
    endloop
  endfacet
  facet normal 0.442339 0.0469179 0.89562
    outer loop
      vertex -16.1763 1.95379 37.2806
      vertex -16.3927 4.45595 37.2564
      vertex -16.9336 1.97334 37.6536
    endloop
  endfacet
  facet normal 0.659326 0.0393543 0.750826
    outer loop
      vertex -18.869 4.54453 38.9465
      vertex -18.6876 2.03963 38.9185
      vertex -18.2341 4.51539 38.3905
    endloop
  endfacet
  facet normal 0.659427 0.0393626 0.750737
    outer loop
      vertex -18.6876 2.03963 38.9185
      vertex -18.869 4.54453 38.9465
      vertex -18.869 2.04796 39.0774
    endloop
  endfacet
  facet normal 0.94694 0.0168434 0.32097
    outer loop
      vertex -20.6682 2.18888 41.7664
      vertex -20.7458 4.69741 41.8637
      vertex -20.9396 2.23073 42.5649
    endloop
  endfacet
  facet normal 0.946849 0.0168302 0.321238
    outer loop
      vertex -20.7458 4.69741 41.8637
      vertex -20.6682 2.18888 41.7664
      vertex -20.6682 4.68546 41.6356
    endloop
  endfacet
  facet normal -0.195099 -0.0513145 -0.97944
    outer loop
      vertex -11.0884 2.77717 52.9915
      vertex -10.8518 5.27128 52.8137
      vertex -10.8518 2.7747 52.9445
    endloop
  endfacet
  facet normal -0.195075 -0.0513171 -0.979445
    outer loop
      vertex -10.8518 5.27128 52.8137
      vertex -11.0884 2.77717 52.9915
      vertex -11.68 5.2799 52.9782
    endloop
  endfacet
  facet normal -0.195075 -0.0513171 -0.979445
    outer loop
      vertex -11.9166 2.78579 53.156
      vertex -11.68 5.2799 52.9782
      vertex -11.0884 2.77717 52.9915
    endloop
  endfacet
  facet normal -0.195097 -0.0513147 -0.979441
    outer loop
      vertex -11.68 5.2799 52.9782
      vertex -11.9166 2.78579 53.156
      vertex -11.9166 5.28236 53.0252
    endloop
  endfacet
  facet normal -0.751838 -0.0345143 -0.658444
    outer loop
      vertex -6.41517 5.11613 49.8533
      vertex -6.57424 2.62905 50.1653
      vertex -6.97194 5.14936 50.4873
    endloop
  endfacet
  facet normal -0.751955 -0.0344902 -0.658312
    outer loop
      vertex -6.57424 2.62905 50.1653
      vertex -6.41517 5.11613 49.8533
      vertex -6.41517 2.61956 49.9841
    endloop
  endfacet
  facet normal -0.980784 -0.0102152 -0.194828
    outer loop
      vertex -4.77101 4.90839 45.8894
      vertex -4.98281 2.46755 47.0836
      vertex -4.98281 4.96412 46.9527
    endloop
  endfacet
  facet normal -0.980788 -0.0102065 -0.194811
    outer loop
      vertex -4.98281 2.46755 47.0836
      vertex -4.77101 4.90839 45.8894
      vertex -4.77101 2.41182 46.0202
    endloop
  endfacet
  facet normal 0.659192 -0.0393433 -0.750945
    outer loop
      vertex -18.2341 2.69142 51.3553
      vertex -18.0527 5.19632 51.3833
      vertex -18.0527 2.69974 51.5141
    endloop
  endfacet
  facet normal 0.659326 -0.0393543 -0.750826
    outer loop
      vertex -18.0527 5.19632 51.3833
      vertex -18.2341 2.69142 51.3553
      vertex -18.6876 5.16718 50.8273
    endloop
  endfacet
  facet normal 0.659326 -0.0393543 -0.750826
    outer loop
      vertex -18.869 2.66228 50.7993
      vertex -18.6876 5.16718 50.8273
      vertex -18.2341 2.69142 51.3553
    endloop
  endfacet
  facet normal 0.659427 -0.0393626 -0.750737
    outer loop
      vertex -18.6876 5.16718 50.8273
      vertex -18.869 2.66228 50.7993
      vertex -18.869 5.15885 50.6684
    endloop
  endfacet
  facet normal 0.831316 -0.0290795 -0.555038
    outer loop
      vertex -19.7189 2.60906 49.7838
      vertex -19.5848 5.11613 49.8533
      vertex -19.5848 2.61956 49.9841
    endloop
  endfacet
  facet normal 0.831453 -0.0290925 -0.554833
    outer loop
      vertex -19.5848 5.11613 49.8533
      vertex -19.7189 2.60906 49.7838
      vertex -20.054 5.07938 49.1521
    endloop
  endfacet
  facet normal 0.751879 -0.0345269 -0.658397
    outer loop
      vertex -19.4258 2.62905 50.1653
      vertex -19.5848 5.11613 49.8533
      vertex -19.0281 5.14936 50.4873
    endloop
  endfacet
  facet normal 0.752098 -0.0344816 -0.658148
    outer loop
      vertex -19.5848 5.11613 49.8533
      vertex -19.4258 2.62905 50.1653
      vertex -19.5848 2.61956 49.9841
    endloop
  endfacet
  facet normal 0.980784 -0.0102152 -0.194828
    outer loop
      vertex -21.0172 2.46755 47.0836
      vertex -21.229 4.90839 45.8894
      vertex -21.0172 4.96412 46.9527
    endloop
  endfacet
  facet normal 0.980788 -0.0102065 -0.194811
    outer loop
      vertex -21.229 4.90839 45.8894
      vertex -21.0172 2.46755 47.0836
      vertex -21.229 2.41182 46.0202
    endloop
  endfacet
  facet normal -0.751864 0.0344956 0.658416
    outer loop
      vertex -7.13101 4.54453 38.9465
      vertex -6.41517 2.09068 39.8925
      vertex -6.41517 4.58725 39.7617
    endloop
  endfacet
  facet normal -0.751824 0.0345243 0.65846
    outer loop
      vertex -6.41517 2.09068 39.8925
      vertex -7.13101 4.54453 38.9465
      vertex -7.13101 2.04796 39.0774
    endloop
  endfacet
  facet normal 0.751882 0.0344945 0.658395
    outer loop
      vertex -19.5848 2.09068 39.8925
      vertex -18.869 4.54453 38.9465
      vertex -19.5848 4.58725 39.7617
    endloop
  endfacet
  facet normal 0.751842 0.0345232 0.658439
    outer loop
      vertex -18.869 4.54453 38.9465
      vertex -19.5848 2.09068 39.8925
      vertex -18.869 2.04796 39.0774
    endloop
  endfacet
  facet normal 0.980788 0.0102065 0.194811
    outer loop
      vertex -21.229 2.29842 43.8564
      vertex -21.0172 4.73926 42.6622
      vertex -21.229 4.79499 43.7256
    endloop
  endfacet
  facet normal 0.980784 0.0102152 0.194828
    outer loop
      vertex -21.0172 4.73926 42.6622
      vertex -21.229 2.29842 43.8564
      vertex -21.0172 2.24269 42.7931
    endloop
  endfacet
  facet normal 0.0653919 0.0522081 0.996493
    outer loop
      vertex -14.0834 4.42102 36.5898
      vertex -13 1.92073 36.6497
      vertex -13 4.4173 36.5189
    endloop
  endfacet
  facet normal 0.0653919 0.0522081 0.996493
    outer loop
      vertex -13 1.92073 36.6497
      vertex -14.0834 4.42102 36.5898
      vertex -14.0834 1.92445 36.7206
    endloop
  endfacet
  facet normal 0.997861 0.00341049 0.0652781
    outer loop
      vertex -21.2448 2.31102 44.0969
      vertex -21.229 4.79499 43.7256
      vertex -21.2842 4.83909 44.5671
    endloop
  endfacet
  facet normal 0.997855 0.00342518 0.0653761
    outer loop
      vertex -21.229 4.79499 43.7256
      vertex -21.2448 2.31102 44.0969
      vertex -21.229 2.29842 43.8564
    endloop
  endfacet
  facet normal 0.997853 0.00342659 0.0654031
    outer loop
      vertex -21.3 2.35512 44.9383
      vertex -21.2842 4.83909 44.5671
      vertex -21.3 4.85169 44.8075
    endloop
  endfacet
  facet normal 0.997861 0.00340903 0.0652859
    outer loop
      vertex -21.2842 4.83909 44.5671
      vertex -21.3 2.35512 44.9383
      vertex -21.2448 2.31102 44.0969
    endloop
  endfacet
  facet normal 0.195097 -0.0513147 -0.979441
    outer loop
      vertex -14.0834 2.78579 53.156
      vertex -14.32 5.2799 52.9782
      vertex -14.0834 5.28236 53.0252
    endloop
  endfacet
  facet normal 0.195075 -0.0513171 -0.979445
    outer loop
      vertex -14.32 5.2799 52.9782
      vertex -14.0834 2.78579 53.156
      vertex -14.9116 2.77717 52.9915
    endloop
  endfacet
  facet normal -0.946925 0.0168262 0.321013
    outer loop
      vertex -5.06037 2.23073 42.5649
      vertex -4.98281 4.73926 42.6622
      vertex -5.25425 4.69741 41.8637
    endloop
  endfacet
  facet normal -0.946942 0.0168287 0.320962
    outer loop
      vertex -4.98281 4.73926 42.6622
      vertex -5.06037 2.23073 42.5649
      vertex -4.98281 2.24269 42.7931
    endloop
  endfacet
  facet normal -0.946912 0.0168205 0.321052
    outer loop
      vertex -5.3318 2.18888 41.7664
      vertex -5.25425 4.69741 41.8637
      vertex -5.3318 4.68546 41.6356
    endloop
  endfacet
  facet normal -0.946929 0.0168229 0.321003
    outer loop
      vertex -5.25425 4.69741 41.8637
      vertex -5.3318 2.18888 41.7664
      vertex -5.06037 2.23073 42.5649
    endloop
  endfacet
  facet normal -0.555601 -0.0435013 -0.83031
    outer loop
      vertex -8.85 2.73131 52.1165
      vertex -7.94728 5.19632 51.3833
      vertex -7.94728 2.69974 51.5141
    endloop
  endfacet
  facet normal -0.555537 -0.0435369 -0.830351
    outer loop
      vertex -7.94728 5.19632 51.3833
      vertex -8.85 2.73131 52.1165
      vertex -8.85 5.22788 51.9856
    endloop
  endfacet
  facet normal -0.659427 -0.0393626 -0.750737
    outer loop
      vertex -7.13101 2.66228 50.7993
      vertex -7.31241 5.16718 50.8273
      vertex -7.13101 5.15885 50.6684
    endloop
  endfacet
  facet normal -0.659338 -0.0393553 -0.750816
    outer loop
      vertex -7.31241 5.16718 50.8273
      vertex -7.13101 2.66228 50.7993
      vertex -7.76589 2.69142 51.3553
    endloop
  endfacet
  facet normal -0.896881 -0.0231396 -0.441666
    outer loop
      vertex -5.70528 5.05756 48.7357
      vertex -5.81199 2.57231 49.0826
      vertex -5.81199 5.06889 48.9518
    endloop
  endfacet
  facet normal -0.896872 -0.0231427 -0.441685
    outer loop
      vertex -5.81199 2.57231 49.0826
      vertex -5.70528 5.05756 48.7357
      vertex -5.43851 2.53268 48.3263
    endloop
  endfacet
  facet normal -0.997859 -0.00342196 -0.0653147
    outer loop
      vertex -4.7 4.85169 44.8075
      vertex -4.77101 2.41182 46.0202
      vertex -4.77101 4.90839 45.8894
    endloop
  endfacet
  facet normal -0.997859 -0.00342196 -0.0653147
    outer loop
      vertex -4.77101 2.41182 46.0202
      vertex -4.7 4.85169 44.8075
      vertex -4.7 2.35512 44.9383
    endloop
  endfacet
  facet normal 0.0654528 -0.0521972 -0.99649
    outer loop
      vertex -14.0834 2.78579 53.156
      vertex -13.8426 5.28319 53.041
      vertex -13.2407 2.78868 53.2112
    endloop
  endfacet
  facet normal 0.0655637 -0.0522076 -0.996482
    outer loop
      vertex -13.8426 5.28319 53.041
      vertex -14.0834 2.78579 53.156
      vertex -14.0834 5.28236 53.0252
    endloop
  endfacet
  facet normal 0.997859 -0.00342148 -0.0653055
    outer loop
      vertex -21.229 2.41182 46.0202
      vertex -21.3 4.85169 44.8075
      vertex -21.229 4.90839 45.8894
    endloop
  endfacet
  facet normal 0.997859 -0.00342148 -0.0653055
    outer loop
      vertex -21.3 4.85169 44.8075
      vertex -21.229 2.41182 46.0202
      vertex -21.3 2.35512 44.9383
    endloop
  endfacet
  facet normal 0.946929 -0.0168179 -0.321003
    outer loop
      vertex -20.6682 2.52135 48.1102
      vertex -21.0172 4.96412 46.9527
      vertex -20.6682 5.01792 47.9794
    endloop
  endfacet
  facet normal 0.946919 -0.0168322 -0.32103
    outer loop
      vertex -21.0172 4.96412 46.9527
      vertex -20.6682 2.52135 48.1102
      vertex -21.0172 2.46755 47.0836
    endloop
  endfacet
  facet normal 0.831417 0.0290764 0.554888
    outer loop
      vertex -19.7189 2.10118 40.0929
      vertex -19.5848 4.58725 39.7617
      vertex -20.054 4.624 40.4628
    endloop
  endfacet
  facet normal 0.831444 0.0290695 0.554847
    outer loop
      vertex -19.5848 4.58725 39.7617
      vertex -19.7189 2.10118 40.0929
      vertex -19.5848 2.09068 39.8925
    endloop
  endfacet
  facet normal 0.831635 0.0290544 0.554561
    outer loop
      vertex -20.188 2.13792 40.794
      vertex -20.054 4.624 40.4628
      vertex -20.188 4.6345 40.6632
    endloop
  endfacet
  facet normal 0.831471 0.0290958 0.554806
    outer loop
      vertex -20.054 4.624 40.4628
      vertex -20.188 2.13792 40.794
      vertex -19.7189 2.10118 40.0929
    endloop
  endfacet
  facet normal 0.442244 0.0469459 0.895665
    outer loop
      vertex -17.15 4.4755 37.6293
      vertex -16.9336 1.97334 37.6536
      vertex -16.3927 4.45595 37.2564
    endloop
  endfacet
  facet normal 0.442388 0.0469577 0.895594
    outer loop
      vertex -16.9336 1.97334 37.6536
      vertex -17.15 4.4755 37.6293
      vertex -17.15 1.97893 37.7602
    endloop
  endfacet
  facet normal 0.555706 0.0434977 0.83024
    outer loop
      vertex -18.0527 2.01049 38.3625
      vertex -17.8521 4.50005 38.0978
      vertex -18.0527 4.50707 38.2317
    endloop
  endfacet
  facet normal 0.555582 0.0435163 0.830322
    outer loop
      vertex -17.8521 4.50005 38.0978
      vertex -18.0527 2.01049 38.3625
      vertex -17.3506 1.98594 37.894
    endloop
  endfacet
  facet normal 0.659192 0.0393433 0.750945
    outer loop
      vertex -18.2341 4.51539 38.3905
      vertex -18.0527 2.01049 38.3625
      vertex -18.0527 4.50707 38.2317
    endloop
  endfacet
  facet normal 0.659326 0.0393543 0.750826
    outer loop
      vertex -18.0527 2.01049 38.3625
      vertex -18.2341 4.51539 38.3905
      vertex -18.6876 2.03963 38.9185
    endloop
  endfacet
  facet normal 0.946892 0.0168365 0.321111
    outer loop
      vertex -20.9396 2.23073 42.5649
      vertex -21.0172 4.73926 42.6622
      vertex -21.0172 2.24269 42.7931
    endloop
  endfacet
  facet normal 0.94694 0.0168434 0.32097
    outer loop
      vertex -21.0172 4.73926 42.6622
      vertex -20.9396 2.23073 42.5649
      vertex -20.7458 4.69741 41.8637
    endloop
  endfacet
  facet normal -0.659212 -0.0393423 -0.750927
    outer loop
      vertex -7.94728 5.19632 51.3833
      vertex -7.76589 2.69142 51.3553
      vertex -7.94728 2.69974 51.5141
    endloop
  endfacet
  facet normal -0.659344 -0.0393531 -0.750811
    outer loop
      vertex -7.76589 2.69142 51.3553
      vertex -7.94728 5.19632 51.3833
      vertex -7.31241 5.16718 50.8273
    endloop
  endfacet
  facet normal -0.896872 -0.0231428 -0.441685
    outer loop
      vertex -5.3318 5.01792 47.9794
      vertex -5.43851 2.53268 48.3263
      vertex -5.70528 5.05756 48.7357
    endloop
  endfacet
  facet normal -0.896881 -0.0231397 -0.441666
    outer loop
      vertex -5.43851 2.53268 48.3263
      vertex -5.3318 5.01792 47.9794
      vertex -5.3318 2.52135 48.1102
    endloop
  endfacet
  facet normal -0.946932 -0.0168175 -0.320994
    outer loop
      vertex -4.98281 4.96412 46.9527
      vertex -5.3318 2.52135 48.1102
      vertex -5.3318 5.01792 47.9794
    endloop
  endfacet
  facet normal -0.946922 -0.0168318 -0.321022
    outer loop
      vertex -5.3318 2.52135 48.1102
      vertex -4.98281 4.96412 46.9527
      vertex -4.98281 2.46755 47.0836
    endloop
  endfacet
  facet normal 0.321427 -0.0495437 -0.945637
    outer loop
      vertex -16.1763 5.25301 52.4652
      vertex -15.1482 2.7747 52.9445
      vertex -16.1763 2.75644 52.596
    endloop
  endfacet
  facet normal 0.321428 -0.0495435 -0.945637
    outer loop
      vertex -15.1482 2.7747 52.9445
      vertex -16.1763 5.25301 52.4652
      vertex -15.1482 5.27128 52.8137
    endloop
  endfacet
  facet normal 0.0655908 -0.0522473 -0.996478
    outer loop
      vertex -13.2407 2.78868 53.2112
      vertex -13 5.28608 53.0961
      vertex -13 2.78951 53.227
    endloop
  endfacet
  facet normal 0.0653428 -0.0522242 -0.996495
    outer loop
      vertex -13 5.28608 53.0961
      vertex -13.2407 2.78868 53.2112
      vertex -13.8426 5.28319 53.041
    endloop
  endfacet
  facet normal -0.0655908 -0.0522473 -0.996478
    outer loop
      vertex -13 5.28608 53.0961
      vertex -12.7593 2.78868 53.2112
      vertex -13 2.78951 53.227
    endloop
  endfacet
  facet normal -0.0653428 -0.0522242 -0.996495
    outer loop
      vertex -12.7593 2.78868 53.2112
      vertex -13 5.28608 53.0961
      vertex -12.1574 5.28319 53.041
    endloop
  endfacet
  facet normal 0.442276 -0.0469606 -0.895649
    outer loop
      vertex -17.15 5.22788 51.9856
      vertex -16.1763 2.75644 52.596
      vertex -17.15 2.73131 52.1165
    endloop
  endfacet
  facet normal 0.44235 -0.0469229 -0.895614
    outer loop
      vertex -16.1763 2.75644 52.596
      vertex -17.15 5.22788 51.9856
      vertex -16.1763 5.25301 52.4652
    endloop
  endfacet
  facet normal 0.195099 -0.0513145 -0.97944
    outer loop
      vertex -15.1482 5.27128 52.8137
      vertex -14.9116 2.77717 52.9915
      vertex -15.1482 2.7747 52.9445
    endloop
  endfacet
  facet normal 0.195075 -0.0513171 -0.979445
    outer loop
      vertex -14.9116 2.77717 52.9915
      vertex -15.1482 5.27128 52.8137
      vertex -14.32 5.2799 52.9782
    endloop
  endfacet
  facet normal -0.195075 0.0513171 0.979445
    outer loop
      vertex -11.9166 4.42102 36.5898
      vertex -11.68 1.92691 36.7676
      vertex -11.0884 4.42964 36.7543
    endloop
  endfacet
  facet normal -0.195097 0.0513147 0.979441
    outer loop
      vertex -11.68 1.92691 36.7676
      vertex -11.9166 4.42102 36.5898
      vertex -11.9166 1.92445 36.7206
    endloop
  endfacet
  facet normal -0.0653919 0.0522081 0.996493
    outer loop
      vertex -13 4.4173 36.5189
      vertex -11.9166 1.92445 36.7206
      vertex -11.9166 4.42102 36.5898
    endloop
  endfacet
  facet normal -0.0653919 0.0522081 0.996493
    outer loop
      vertex -11.9166 1.92445 36.7206
      vertex -13 4.4173 36.5189
      vertex -13 1.92073 36.6497
    endloop
  endfacet
  facet normal 0.89687 0.0231408 0.441688
    outer loop
      vertex -20.6682 2.18888 41.7664
      vertex -20.188 4.6345 40.6632
      vertex -20.6682 4.68546 41.6356
    endloop
  endfacet
  facet normal 0.89687 0.0231408 0.441688
    outer loop
      vertex -20.188 4.6345 40.6632
      vertex -20.6682 2.18888 41.7664
      vertex -20.188 2.13792 40.794
    endloop
  endfacet
  facet normal 0.321428 0.0495435 0.945637
    outer loop
      vertex -16.1763 1.95379 37.2806
      vertex -15.1482 4.4321 36.8013
      vertex -16.1763 4.45037 37.1498
    endloop
  endfacet
  facet normal 0.321427 0.0495437 0.945637
    outer loop
      vertex -15.1482 4.4321 36.8013
      vertex -16.1763 1.95379 37.2806
      vertex -15.1482 1.93553 36.9321
    endloop
  endfacet
  facet normal -0.442421 0.0469569 0.895577
    outer loop
      vertex -8.85 4.4755 37.6293
      vertex -9.06638 1.97334 37.6536
      vertex -8.85 1.97893 37.7602
    endloop
  endfacet
  facet normal -0.442225 0.0469409 0.895675
    outer loop
      vertex -9.06638 1.97334 37.6536
      vertex -8.85 4.4755 37.6293
      vertex -9.60734 4.45595 37.2564
    endloop
  endfacet
  facet normal -0.442265 -0.0469609 -0.895654
    outer loop
      vertex -9.82373 2.75644 52.596
      vertex -8.85 5.22788 51.9856
      vertex -8.85 2.73131 52.1165
    endloop
  endfacet
  facet normal -0.442339 -0.0469232 -0.89562
    outer loop
      vertex -8.85 5.22788 51.9856
      vertex -9.82373 2.75644 52.596
      vertex -9.82373 5.25301 52.4652
    endloop
  endfacet
  facet normal -0.997861 0.00341049 0.0652781
    outer loop
      vertex 21.229 4.79499 43.7256
      vertex 21.2448 2.31102 44.0969
      vertex 21.2842 4.83909 44.5671
    endloop
  endfacet
  facet normal -0.997855 0.00342518 0.0653761
    outer loop
      vertex 21.2448 2.31102 44.0969
      vertex 21.229 4.79499 43.7256
      vertex 21.229 2.29842 43.8564
    endloop
  endfacet
  facet normal -0.997853 0.00342659 0.0654031
    outer loop
      vertex 21.2842 4.83909 44.5671
      vertex 21.3 2.35512 44.9383
      vertex 21.3 4.85169 44.8075
    endloop
  endfacet
  facet normal -0.997861 0.00340903 0.0652859
    outer loop
      vertex 21.3 2.35512 44.9383
      vertex 21.2842 4.83909 44.5671
      vertex 21.2448 2.31102 44.0969
    endloop
  endfacet
  facet normal -0.980788 0.0102065 0.194811
    outer loop
      vertex 21.0172 4.73926 42.6622
      vertex 21.229 2.29842 43.8564
      vertex 21.229 4.79499 43.7256
    endloop
  endfacet
  facet normal -0.980784 0.0102152 0.194828
    outer loop
      vertex 21.229 2.29842 43.8564
      vertex 21.0172 4.73926 42.6622
      vertex 21.0172 2.24269 42.7931
    endloop
  endfacet
  facet normal 0.555706 0.0434977 0.83024
    outer loop
      vertex 7.94728 2.01049 38.3625
      vertex 8.14788 4.50005 38.0978
      vertex 7.94728 4.50707 38.2317
    endloop
  endfacet
  facet normal 0.555577 0.0435171 0.830326
    outer loop
      vertex 8.14788 4.50005 38.0978
      vertex 7.94728 2.01049 38.3625
      vertex 8.64939 1.98594 37.894
    endloop
  endfacet
  facet normal 0.195097 0.0513147 0.979441
    outer loop
      vertex 10.8518 1.93553 36.9321
      vertex 11.0884 4.42964 36.7543
      vertex 10.8518 4.4321 36.8013
    endloop
  endfacet
  facet normal 0.195075 0.0513171 0.979445
    outer loop
      vertex 11.0884 4.42964 36.7543
      vertex 10.8518 1.93553 36.9321
      vertex 11.68 1.92691 36.7676
    endloop
  endfacet
  facet normal -0.0655637 -0.0522076 -0.996482
    outer loop
      vertex 14.0834 2.78579 53.156
      vertex 13.8426 5.28319 53.041
      vertex 14.0834 5.28236 53.0252
    endloop
  endfacet
  facet normal -0.0654528 -0.0521972 -0.99649
    outer loop
      vertex 13.8426 5.28319 53.041
      vertex 14.0834 2.78579 53.156
      vertex 13.2407 2.78868 53.2112
    endloop
  endfacet
  facet normal 0.896881 -0.0231396 -0.441666
    outer loop
      vertex 5.81199 2.57231 49.0826
      vertex 5.70528 5.05756 48.7357
      vertex 5.81199 5.06889 48.9518
    endloop
  endfacet
  facet normal 0.896872 -0.0231427 -0.441685
    outer loop
      vertex 5.70528 5.05756 48.7357
      vertex 5.81199 2.57231 49.0826
      vertex 5.43851 2.53268 48.3263
    endloop
  endfacet
  facet normal -0.751713 -0.0345309 -0.658586
    outer loop
      vertex 19.0281 5.14936 50.4873
      vertex 18.869 2.66228 50.7993
      vertex 18.869 5.15885 50.6684
    endloop
  endfacet
  facet normal -0.75182 -0.0345089 -0.658465
    outer loop
      vertex 18.869 2.66228 50.7993
      vertex 19.0281 5.14936 50.4873
      vertex 19.4258 2.62905 50.1653
    endloop
  endfacet
  facet normal -0.831507 -0.0290644 -0.554753
    outer loop
      vertex 20.188 2.57231 49.0826
      vertex 20.054 5.07938 49.1521
      vertex 20.188 5.06889 48.9518
    endloop
  endfacet
  facet normal -0.831508 -0.0290645 -0.554752
    outer loop
      vertex 20.054 5.07938 49.1521
      vertex 20.188 2.57231 49.0826
      vertex 19.7189 2.60906 49.7838
    endloop
  endfacet
  facet normal 0.751775 -0.0345272 -0.658515
    outer loop
      vertex 7.13101 2.66228 50.7993
      vertex 6.97194 5.14936 50.4873
      vertex 7.13101 5.15885 50.6684
    endloop
  endfacet
  facet normal 0.751838 -0.0345143 -0.658444
    outer loop
      vertex 6.97194 5.14936 50.4873
      vertex 7.13101 2.66228 50.7993
      vertex 6.57424 2.62905 50.1653
    endloop
  endfacet
  facet normal 0.659212 0.0393423 0.750927
    outer loop
      vertex 7.76589 4.51539 38.3905
      vertex 7.94728 2.01049 38.3625
      vertex 7.94728 4.50707 38.2317
    endloop
  endfacet
  facet normal 0.659344 0.0393531 0.750811
    outer loop
      vertex 7.94728 2.01049 38.3625
      vertex 7.76589 4.51539 38.3905
      vertex 7.31241 2.03963 38.9185
    endloop
  endfacet
  facet normal -0.659427 0.0393626 0.750737
    outer loop
      vertex 18.869 4.54453 38.9465
      vertex 18.6876 2.03963 38.9185
      vertex 18.869 2.04796 39.0774
    endloop
  endfacet
  facet normal -0.659326 0.0393543 0.750826
    outer loop
      vertex 18.6876 2.03963 38.9185
      vertex 18.869 4.54453 38.9465
      vertex 18.2341 4.51539 38.3905
    endloop
  endfacet
  facet normal -0.659427 -0.0393626 -0.750737
    outer loop
      vertex 18.869 2.66228 50.7993
      vertex 18.6876 5.16718 50.8273
      vertex 18.869 5.15885 50.6684
    endloop
  endfacet
  facet normal -0.659326 -0.0393543 -0.750826
    outer loop
      vertex 18.6876 5.16718 50.8273
      vertex 18.869 2.66228 50.7993
      vertex 18.2341 2.69142 51.3553
    endloop
  endfacet
  facet normal -0.831453 -0.0290925 -0.554833
    outer loop
      vertex 19.7189 2.60906 49.7838
      vertex 19.5848 5.11613 49.8533
      vertex 20.054 5.07938 49.1521
    endloop
  endfacet
  facet normal -0.831316 -0.0290795 -0.555038
    outer loop
      vertex 19.5848 5.11613 49.8533
      vertex 19.7189 2.60906 49.7838
      vertex 19.5848 2.61956 49.9841
    endloop
  endfacet
  facet normal -0.831417 0.0290764 0.554888
    outer loop
      vertex 19.5848 4.58725 39.7617
      vertex 19.7189 2.10118 40.0929
      vertex 20.054 4.624 40.4628
    endloop
  endfacet
  facet normal -0.831444 0.0290695 0.554847
    outer loop
      vertex 19.7189 2.10118 40.0929
      vertex 19.5848 4.58725 39.7617
      vertex 19.5848 2.09068 39.8925
    endloop
  endfacet
  facet normal -0.555706 0.0434977 0.83024
    outer loop
      vertex 17.8521 4.50005 38.0978
      vertex 18.0527 2.01049 38.3625
      vertex 18.0527 4.50707 38.2317
    endloop
  endfacet
  facet normal -0.555582 0.0435163 0.830322
    outer loop
      vertex 18.0527 2.01049 38.3625
      vertex 17.8521 4.50005 38.0978
      vertex 17.3506 1.98594 37.894
    endloop
  endfacet
  facet normal -0.659192 0.0393433 0.750945
    outer loop
      vertex 18.0527 2.01049 38.3625
      vertex 18.2341 4.51539 38.3905
      vertex 18.0527 4.50707 38.2317
    endloop
  endfacet
  facet normal -0.659326 0.0393543 0.750826
    outer loop
      vertex 18.2341 4.51539 38.3905
      vertex 18.0527 2.01049 38.3625
      vertex 18.6876 2.03963 38.9185
    endloop
  endfacet
  facet normal -0.442386 0.0469218 0.895596
    outer loop
      vertex 16.1763 1.95379 37.2806
      vertex 16.3927 4.45595 37.2564
      vertex 16.1763 4.45037 37.1498
    endloop
  endfacet
  facet normal -0.442339 0.0469179 0.89562
    outer loop
      vertex 16.3927 4.45595 37.2564
      vertex 16.1763 1.95379 37.2806
      vertex 16.9336 1.97334 37.6536
    endloop
  endfacet
  facet normal -0.555582 0.0435163 0.830322
    outer loop
      vertex 17.15 4.4755 37.6293
      vertex 17.3506 1.98594 37.894
      vertex 17.8521 4.50005 38.0978
    endloop
  endfacet
  facet normal -0.555418 0.0435411 0.830431
    outer loop
      vertex 17.3506 1.98594 37.894
      vertex 17.15 4.4755 37.6293
      vertex 17.15 1.97893 37.7602
    endloop
  endfacet
  facet normal 0.195097 0.0513147 0.979441
    outer loop
      vertex 11.9166 4.42102 36.5898
      vertex 11.68 1.92691 36.7676
      vertex 11.9166 1.92445 36.7206
    endloop
  endfacet
  facet normal 0.195075 0.0513171 0.979445
    outer loop
      vertex 11.68 1.92691 36.7676
      vertex 11.9166 4.42102 36.5898
      vertex 11.0884 4.42964 36.7543
    endloop
  endfacet
  facet normal 0.831486 -0.0290757 -0.554784
    outer loop
      vertex 5.81199 2.57231 49.0826
      vertex 5.94603 5.07938 49.1521
      vertex 6.28113 2.60906 49.7838
    endloop
  endfacet
  facet normal 0.831431 -0.0290704 -0.554868
    outer loop
      vertex 5.94603 5.07938 49.1521
      vertex 5.81199 2.57231 49.0826
      vertex 5.81199 5.06889 48.9518
    endloop
  endfacet
  facet normal -0.89687 0.0231408 0.441688
    outer loop
      vertex 20.188 4.6345 40.6632
      vertex 20.6682 2.18888 41.7664
      vertex 20.6682 4.68546 41.6356
    endloop
  endfacet
  facet normal -0.89687 0.0231408 0.441688
    outer loop
      vertex 20.6682 2.18888 41.7664
      vertex 20.188 4.6345 40.6632
      vertex 20.188 2.13792 40.794
    endloop
  endfacet
  facet normal -0.321427 -0.0495437 -0.945637
    outer loop
      vertex 15.1482 2.7747 52.9445
      vertex 16.1763 5.25301 52.4652
      vertex 16.1763 2.75644 52.596
    endloop
  endfacet
  facet normal -0.321428 -0.0495435 -0.945637
    outer loop
      vertex 16.1763 5.25301 52.4652
      vertex 15.1482 2.7747 52.9445
      vertex 15.1482 5.27128 52.8137
    endloop
  endfacet
  facet normal 0.321436 -0.0495436 -0.945634
    outer loop
      vertex 9.82373 5.25301 52.4652
      vertex 10.8518 2.7747 52.9445
      vertex 9.82373 2.75644 52.596
    endloop
  endfacet
  facet normal 0.321436 -0.0495434 -0.945634
    outer loop
      vertex 10.8518 2.7747 52.9445
      vertex 9.82373 5.25301 52.4652
      vertex 10.8518 5.27128 52.8137
    endloop
  endfacet
  facet normal 0.659338 -0.0393553 -0.750816
    outer loop
      vertex 7.13101 2.66228 50.7993
      vertex 7.31241 5.16718 50.8273
      vertex 7.76589 2.69142 51.3553
    endloop
  endfacet
  facet normal 0.659427 -0.0393626 -0.750737
    outer loop
      vertex 7.31241 5.16718 50.8273
      vertex 7.13101 2.66228 50.7993
      vertex 7.13101 5.15885 50.6684
    endloop
  endfacet
  facet normal -0.831635 0.0290544 0.554561
    outer loop
      vertex 20.054 4.624 40.4628
      vertex 20.188 2.13792 40.794
      vertex 20.188 4.6345 40.6632
    endloop
  endfacet
  facet normal -0.831471 0.0290958 0.554806
    outer loop
      vertex 20.188 2.13792 40.794
      vertex 20.054 4.624 40.4628
      vertex 19.7189 2.10118 40.0929
    endloop
  endfacet
  facet normal -0.195097 0.0513147 0.979441
    outer loop
      vertex 14.9116 4.42964 36.7543
      vertex 15.1482 1.93553 36.9321
      vertex 15.1482 4.4321 36.8013
    endloop
  endfacet
  facet normal -0.195075 0.0513171 0.979445
    outer loop
      vertex 15.1482 1.93553 36.9321
      vertex 14.9116 4.42964 36.7543
      vertex 14.32 1.92691 36.7676
    endloop
  endfacet
  facet normal -0.321428 0.0495435 0.945637
    outer loop
      vertex 15.1482 4.4321 36.8013
      vertex 16.1763 1.95379 37.2806
      vertex 16.1763 4.45037 37.1498
    endloop
  endfacet
  facet normal -0.321427 0.0495437 0.945637
    outer loop
      vertex 16.1763 1.95379 37.2806
      vertex 15.1482 4.4321 36.8013
      vertex 15.1482 1.93553 36.9321
    endloop
  endfacet
  facet normal 0.555399 0.0435418 0.830443
    outer loop
      vertex 8.85 4.4755 37.6293
      vertex 8.64939 1.98594 37.894
      vertex 8.85 1.97893 37.7602
    endloop
  endfacet
  facet normal 0.555571 0.0435157 0.830329
    outer loop
      vertex 8.64939 1.98594 37.894
      vertex 8.85 4.4755 37.6293
      vertex 8.14788 4.50005 38.0978
    endloop
  endfacet
  facet normal 0.946929 0.0168229 0.321003
    outer loop
      vertex 5.3318 2.18888 41.7664
      vertex 5.25425 4.69741 41.8637
      vertex 5.06037 2.23073 42.5649
    endloop
  endfacet
  facet normal 0.946912 0.0168205 0.321052
    outer loop
      vertex 5.25425 4.69741 41.8637
      vertex 5.3318 2.18888 41.7664
      vertex 5.3318 4.68546 41.6356
    endloop
  endfacet
  facet normal -0.896862 -0.0231494 -0.441704
    outer loop
      vertex 20.6682 5.01792 47.9794
      vertex 20.5615 2.53268 48.3263
      vertex 20.2947 5.05756 48.7357
    endloop
  endfacet
  facet normal -0.896898 -0.023138 -0.441633
    outer loop
      vertex 20.5615 2.53268 48.3263
      vertex 20.6682 5.01792 47.9794
      vertex 20.6682 2.52135 48.1102
    endloop
  endfacet
  facet normal -0.195099 -0.0513145 -0.97944
    outer loop
      vertex 14.9116 2.77717 52.9915
      vertex 15.1482 5.27128 52.8137
      vertex 15.1482 2.7747 52.9445
    endloop
  endfacet
  facet normal -0.195075 -0.0513171 -0.979445
    outer loop
      vertex 15.1482 5.27128 52.8137
      vertex 14.9116 2.77717 52.9915
      vertex 14.32 5.2799 52.9782
    endloop
  endfacet
  facet normal -0.195075 -0.0513171 -0.979445
    outer loop
      vertex 14.0834 2.78579 53.156
      vertex 14.32 5.2799 52.9782
      vertex 14.9116 2.77717 52.9915
    endloop
  endfacet
  facet normal -0.195097 -0.0513147 -0.979441
    outer loop
      vertex 14.32 5.2799 52.9782
      vertex 14.0834 2.78579 53.156
      vertex 14.0834 5.28236 53.0252
    endloop
  endfacet
  facet normal -0.751879 -0.0345269 -0.658397
    outer loop
      vertex 19.5848 5.11613 49.8533
      vertex 19.4258 2.62905 50.1653
      vertex 19.0281 5.14936 50.4873
    endloop
  endfacet
  facet normal -0.752098 -0.0344816 -0.658148
    outer loop
      vertex 19.4258 2.62905 50.1653
      vertex 19.5848 5.11613 49.8533
      vertex 19.5848 2.61956 49.9841
    endloop
  endfacet
  facet normal -0.980784 -0.0102152 -0.194828
    outer loop
      vertex 21.229 4.90839 45.8894
      vertex 21.0172 2.46755 47.0836
      vertex 21.0172 4.96412 46.9527
    endloop
  endfacet
  facet normal -0.980788 -0.0102065 -0.194811
    outer loop
      vertex 21.0172 2.46755 47.0836
      vertex 21.229 4.90839 45.8894
      vertex 21.229 2.41182 46.0202
    endloop
  endfacet
  facet normal 0.659212 -0.0393423 -0.750927
    outer loop
      vertex 7.76589 2.69142 51.3553
      vertex 7.94728 5.19632 51.3833
      vertex 7.94728 2.69974 51.5141
    endloop
  endfacet
  facet normal 0.659344 -0.0393531 -0.750811
    outer loop
      vertex 7.94728 5.19632 51.3833
      vertex 7.76589 2.69142 51.3553
      vertex 7.31241 5.16718 50.8273
    endloop
  endfacet
  facet normal 0.831431 -0.0290705 -0.554867
    outer loop
      vertex 6.28113 2.60906 49.7838
      vertex 6.41517 5.11613 49.8533
      vertex 6.41517 2.61956 49.9841
    endloop
  endfacet
  facet normal 0.831486 -0.0290757 -0.554784
    outer loop
      vertex 6.41517 5.11613 49.8533
      vertex 6.28113 2.60906 49.7838
      vertex 5.94603 5.07938 49.1521
    endloop
  endfacet
  facet normal 0.751838 -0.0345143 -0.658444
    outer loop
      vertex 6.57424 2.62905 50.1653
      vertex 6.41517 5.11613 49.8533
      vertex 6.97194 5.14936 50.4873
    endloop
  endfacet
  facet normal 0.751955 -0.0344902 -0.658312
    outer loop
      vertex 6.41517 5.11613 49.8533
      vertex 6.57424 2.62905 50.1653
      vertex 6.41517 2.61956 49.9841
    endloop
  endfacet
  facet normal 0.980784 -0.0102152 -0.194828
    outer loop
      vertex 4.98281 2.46755 47.0836
      vertex 4.77101 4.90839 45.8894
      vertex 4.98281 4.96412 46.9527
    endloop
  endfacet
  facet normal 0.980788 -0.0102065 -0.194811
    outer loop
      vertex 4.77101 4.90839 45.8894
      vertex 4.98281 2.46755 47.0836
      vertex 4.77101 2.41182 46.0202
    endloop
  endfacet
  facet normal -0.751882 0.0344945 0.658395
    outer loop
      vertex 18.869 4.54453 38.9465
      vertex 19.5848 2.09068 39.8925
      vertex 19.5848 4.58725 39.7617
    endloop
  endfacet
  facet normal -0.751842 0.0345232 0.658439
    outer loop
      vertex 19.5848 2.09068 39.8925
      vertex 18.869 4.54453 38.9465
      vertex 18.869 2.04796 39.0774
    endloop
  endfacet
  facet normal 0.751864 0.0344956 0.658416
    outer loop
      vertex 6.41517 2.09068 39.8925
      vertex 7.13101 4.54453 38.9465
      vertex 6.41517 4.58725 39.7617
    endloop
  endfacet
  facet normal 0.751824 0.0345243 0.65846
    outer loop
      vertex 7.13101 4.54453 38.9465
      vertex 6.41517 2.09068 39.8925
      vertex 7.13101 2.04796 39.0774
    endloop
  endfacet
  facet normal 0.980788 0.0102065 0.194811
    outer loop
      vertex 4.77101 2.29842 43.8564
      vertex 4.98281 4.73926 42.6622
      vertex 4.77101 4.79499 43.7256
    endloop
  endfacet
  facet normal 0.980784 0.0102152 0.194828
    outer loop
      vertex 4.98281 4.73926 42.6622
      vertex 4.77101 2.29842 43.8564
      vertex 4.98281 2.24269 42.7931
    endloop
  endfacet
  facet normal 0.831449 0.0290881 0.554838
    outer loop
      vertex 6.28113 2.10118 40.0929
      vertex 6.41517 4.58725 39.7617
      vertex 5.94603 4.624 40.4628
    endloop
  endfacet
  facet normal 0.831559 0.0290605 0.554676
    outer loop
      vertex 6.41517 4.58725 39.7617
      vertex 6.28113 2.10118 40.0929
      vertex 6.41517 2.09068 39.8925
    endloop
  endfacet
  facet normal 0.0653919 0.0522081 0.996493
    outer loop
      vertex 11.9166 4.42102 36.5898
      vertex 13 1.92073 36.6497
      vertex 13 4.4173 36.5189
    endloop
  endfacet
  facet normal 0.0653919 0.0522081 0.996493
    outer loop
      vertex 13 1.92073 36.6497
      vertex 11.9166 4.42102 36.5898
      vertex 11.9166 1.92445 36.7206
    endloop
  endfacet
  facet normal 0.997859 0.00342373 0.0653129
    outer loop
      vertex 4.75523 2.31102 44.0969
      vertex 4.77101 4.79499 43.7256
      vertex 4.71578 4.83909 44.5671
    endloop
  endfacet
  facet normal 0.99786 0.00342086 0.0652937
    outer loop
      vertex 4.77101 4.79499 43.7256
      vertex 4.75523 2.31102 44.0969
      vertex 4.77101 2.29842 43.8564
    endloop
  endfacet
  facet normal 0.997858 0.00342227 0.0653207
    outer loop
      vertex 4.7 2.35512 44.9383
      vertex 4.71578 4.83909 44.5671
      vertex 4.7 4.85169 44.8075
    endloop
  endfacet
  facet normal 0.997858 0.00342227 0.0653207
    outer loop
      vertex 4.71578 4.83909 44.5671
      vertex 4.7 2.35512 44.9383
      vertex 4.75523 2.31102 44.0969
    endloop
  endfacet
  facet normal -0.94694 0.0168434 0.32097
    outer loop
      vertex 20.9396 2.23073 42.5649
      vertex 21.0172 4.73926 42.6622
      vertex 20.7458 4.69741 41.8637
    endloop
  endfacet
  facet normal -0.946892 0.0168365 0.321111
    outer loop
      vertex 21.0172 4.73926 42.6622
      vertex 20.9396 2.23073 42.5649
      vertex 21.0172 2.24269 42.7931
    endloop
  endfacet
  facet normal -0.946849 0.0168302 0.321238
    outer loop
      vertex 20.6682 2.18888 41.7664
      vertex 20.7458 4.69741 41.8637
      vertex 20.6682 4.68546 41.6356
    endloop
  endfacet
  facet normal -0.94694 0.0168434 0.32097
    outer loop
      vertex 20.7458 4.69741 41.8637
      vertex 20.6682 2.18888 41.7664
      vertex 20.9396 2.23073 42.5649
    endloop
  endfacet
  facet normal -0.55561 -0.043501 -0.830305
    outer loop
      vertex 17.15 2.73131 52.1165
      vertex 18.0527 5.19632 51.3833
      vertex 18.0527 2.69974 51.5141
    endloop
  endfacet
  facet normal -0.555546 -0.0435366 -0.830345
    outer loop
      vertex 18.0527 5.19632 51.3833
      vertex 17.15 2.73131 52.1165
      vertex 17.15 5.22788 51.9856
    endloop
  endfacet
  facet normal -0.659192 -0.0393433 -0.750945
    outer loop
      vertex 18.0527 5.19632 51.3833
      vertex 18.2341 2.69142 51.3553
      vertex 18.0527 2.69974 51.5141
    endloop
  endfacet
  facet normal -0.659326 -0.0393543 -0.750826
    outer loop
      vertex 18.2341 2.69142 51.3553
      vertex 18.0527 5.19632 51.3833
      vertex 18.6876 5.16718 50.8273
    endloop
  endfacet
  facet normal -0.896898 -0.0231379 -0.441633
    outer loop
      vertex 20.2947 5.05756 48.7357
      vertex 20.188 2.57231 49.0826
      vertex 20.188 5.06889 48.9518
    endloop
  endfacet
  facet normal -0.896862 -0.0231493 -0.441704
    outer loop
      vertex 20.188 2.57231 49.0826
      vertex 20.2947 5.05756 48.7357
      vertex 20.5615 2.53268 48.3263
    endloop
  endfacet
  facet normal -0.997859 -0.00342148 -0.0653055
    outer loop
      vertex 21.3 4.85169 44.8075
      vertex 21.229 2.41182 46.0202
      vertex 21.229 4.90839 45.8894
    endloop
  endfacet
  facet normal -0.997859 -0.00342148 -0.0653055
    outer loop
      vertex 21.229 2.41182 46.0202
      vertex 21.3 4.85169 44.8075
      vertex 21.3 2.35512 44.9383
    endloop
  endfacet
  facet normal 0.0654528 -0.0521972 -0.99649
    outer loop
      vertex 11.9166 2.78579 53.156
      vertex 12.1574 5.28319 53.041
      vertex 12.7593 2.78868 53.2112
    endloop
  endfacet
  facet normal 0.0655637 -0.0522076 -0.996482
    outer loop
      vertex 12.1574 5.28319 53.041
      vertex 11.9166 2.78579 53.156
      vertex 11.9166 5.28236 53.0252
    endloop
  endfacet
  facet normal 0.555601 -0.0435013 -0.83031
    outer loop
      vertex 7.94728 5.19632 51.3833
      vertex 8.85 2.73131 52.1165
      vertex 7.94728 2.69974 51.5141
    endloop
  endfacet
  facet normal 0.555537 -0.0435369 -0.830351
    outer loop
      vertex 8.85 2.73131 52.1165
      vertex 7.94728 5.19632 51.3833
      vertex 8.85 5.22788 51.9856
    endloop
  endfacet
  facet normal 0.997859 -0.00342196 -0.0653147
    outer loop
      vertex 4.77101 2.41182 46.0202
      vertex 4.7 4.85169 44.8075
      vertex 4.77101 4.90839 45.8894
    endloop
  endfacet
  facet normal 0.997859 -0.00342196 -0.0653147
    outer loop
      vertex 4.7 4.85169 44.8075
      vertex 4.77101 2.41182 46.0202
      vertex 4.7 2.35512 44.9383
    endloop
  endfacet
  facet normal 0.896872 -0.0231428 -0.441685
    outer loop
      vertex 5.43851 2.53268 48.3263
      vertex 5.3318 5.01792 47.9794
      vertex 5.70528 5.05756 48.7357
    endloop
  endfacet
  facet normal 0.896881 -0.0231397 -0.441666
    outer loop
      vertex 5.3318 5.01792 47.9794
      vertex 5.43851 2.53268 48.3263
      vertex 5.3318 2.52135 48.1102
    endloop
  endfacet
  facet normal 0.946932 -0.0168175 -0.320994
    outer loop
      vertex 5.3318 2.52135 48.1102
      vertex 4.98281 4.96412 46.9527
      vertex 5.3318 5.01792 47.9794
    endloop
  endfacet
  facet normal 0.946922 -0.0168318 -0.321022
    outer loop
      vertex 4.98281 4.96412 46.9527
      vertex 5.3318 2.52135 48.1102
      vertex 4.98281 2.46755 47.0836
    endloop
  endfacet
  facet normal 0.442225 0.0469409 0.895675
    outer loop
      vertex 8.85 4.4755 37.6293
      vertex 9.06638 1.97334 37.6536
      vertex 9.60734 4.45595 37.2564
    endloop
  endfacet
  facet normal 0.442421 0.0469569 0.895577
    outer loop
      vertex 9.06638 1.97334 37.6536
      vertex 8.85 4.4755 37.6293
      vertex 8.85 1.97893 37.7602
    endloop
  endfacet
  facet normal 0.659338 0.0393553 0.750816
    outer loop
      vertex 7.13101 4.54453 38.9465
      vertex 7.31241 2.03963 38.9185
      vertex 7.76589 4.51539 38.3905
    endloop
  endfacet
  facet normal 0.659427 0.0393626 0.750737
    outer loop
      vertex 7.31241 2.03963 38.9185
      vertex 7.13101 4.54453 38.9465
      vertex 7.13101 2.04796 39.0774
    endloop
  endfacet
  facet normal 0.946942 0.0168287 0.320962
    outer loop
      vertex 5.06037 2.23073 42.5649
      vertex 4.98281 4.73926 42.6622
      vertex 4.98281 2.24269 42.7931
    endloop
  endfacet
  facet normal 0.946925 0.0168262 0.321013
    outer loop
      vertex 4.98281 4.73926 42.6622
      vertex 5.06037 2.23073 42.5649
      vertex 5.25425 4.69741 41.8637
    endloop
  endfacet
  facet normal -0.946929 -0.0168179 -0.321003
    outer loop
      vertex 21.0172 4.96412 46.9527
      vertex 20.6682 2.52135 48.1102
      vertex 20.6682 5.01792 47.9794
    endloop
  endfacet
  facet normal -0.946919 -0.0168322 -0.32103
    outer loop
      vertex 20.6682 2.52135 48.1102
      vertex 21.0172 4.96412 46.9527
      vertex 21.0172 2.46755 47.0836
    endloop
  endfacet
  facet normal 0.195097 -0.0513147 -0.979441
    outer loop
      vertex 11.9166 2.78579 53.156
      vertex 11.68 5.2799 52.9782
      vertex 11.9166 5.28236 53.0252
    endloop
  endfacet
  facet normal 0.195075 -0.0513171 -0.979445
    outer loop
      vertex 11.68 5.2799 52.9782
      vertex 11.9166 2.78579 53.156
      vertex 11.0884 2.77717 52.9915
    endloop
  endfacet
  facet normal 0.195099 -0.0513145 -0.97944
    outer loop
      vertex 10.8518 5.27128 52.8137
      vertex 11.0884 2.77717 52.9915
      vertex 10.8518 2.7747 52.9445
    endloop
  endfacet
  facet normal 0.195075 -0.0513171 -0.979445
    outer loop
      vertex 11.0884 2.77717 52.9915
      vertex 10.8518 5.27128 52.8137
      vertex 11.68 5.2799 52.9782
    endloop
  endfacet
  facet normal 0.0655908 -0.0522473 -0.996478
    outer loop
      vertex 12.7593 2.78868 53.2112
      vertex 13 5.28608 53.0961
      vertex 13 2.78951 53.227
    endloop
  endfacet
  facet normal 0.0653428 -0.0522242 -0.996495
    outer loop
      vertex 13 5.28608 53.0961
      vertex 12.7593 2.78868 53.2112
      vertex 12.1574 5.28319 53.041
    endloop
  endfacet
  facet normal -0.0655908 -0.0522473 -0.996478
    outer loop
      vertex 13 5.28608 53.0961
      vertex 13.2407 2.78868 53.2112
      vertex 13 2.78951 53.227
    endloop
  endfacet
  facet normal -0.0653428 -0.0522242 -0.996495
    outer loop
      vertex 13.2407 2.78868 53.2112
      vertex 13 5.28608 53.0961
      vertex 13.8426 5.28319 53.041
    endloop
  endfacet
  facet normal 0.442265 -0.0469609 -0.895654
    outer loop
      vertex 8.85 5.22788 51.9856
      vertex 9.82373 2.75644 52.596
      vertex 8.85 2.73131 52.1165
    endloop
  endfacet
  facet normal 0.442339 -0.0469232 -0.89562
    outer loop
      vertex 9.82373 2.75644 52.596
      vertex 8.85 5.22788 51.9856
      vertex 9.82373 5.25301 52.4652
    endloop
  endfacet
  facet normal -0.195075 0.0513171 0.979445
    outer loop
      vertex 14.0834 4.42102 36.5898
      vertex 14.32 1.92691 36.7676
      vertex 14.9116 4.42964 36.7543
    endloop
  endfacet
  facet normal -0.195097 0.0513147 0.979441
    outer loop
      vertex 14.32 1.92691 36.7676
      vertex 14.0834 4.42102 36.5898
      vertex 14.0834 1.92445 36.7206
    endloop
  endfacet
  facet normal -0.0653919 0.0522081 0.996493
    outer loop
      vertex 13 4.4173 36.5189
      vertex 14.0834 1.92445 36.7206
      vertex 14.0834 4.42102 36.5898
    endloop
  endfacet
  facet normal -0.0653919 0.0522081 0.996493
    outer loop
      vertex 14.0834 1.92445 36.7206
      vertex 13 4.4173 36.5189
      vertex 13 1.92073 36.6497
    endloop
  endfacet
  facet normal 0.831559 0.0290604 0.554676
    outer loop
      vertex 5.81199 2.13792 40.794
      vertex 5.94603 4.624 40.4628
      vertex 5.81199 4.6345 40.6632
    endloop
  endfacet
  facet normal 0.831449 0.029088 0.554839
    outer loop
      vertex 5.94603 4.624 40.4628
      vertex 5.81199 2.13792 40.794
      vertex 6.28113 2.10118 40.0929
    endloop
  endfacet
  facet normal 0.896874 0.0231404 0.441681
    outer loop
      vertex 5.3318 2.18888 41.7664
      vertex 5.81199 4.6345 40.6632
      vertex 5.3318 4.68546 41.6356
    endloop
  endfacet
  facet normal 0.896874 0.0231404 0.441681
    outer loop
      vertex 5.81199 4.6345 40.6632
      vertex 5.3318 2.18888 41.7664
      vertex 5.81199 2.13792 40.794
    endloop
  endfacet
  facet normal 0.321436 0.0495434 0.945634
    outer loop
      vertex 9.82373 1.95379 37.2806
      vertex 10.8518 4.4321 36.8013
      vertex 9.82373 4.45037 37.1498
    endloop
  endfacet
  facet normal 0.321436 0.0495436 0.945634
    outer loop
      vertex 10.8518 4.4321 36.8013
      vertex 9.82373 1.95379 37.2806
      vertex 10.8518 1.93553 36.9321
    endloop
  endfacet
  facet normal 0.442403 0.0469214 0.895588
    outer loop
      vertex 9.60734 4.45595 37.2564
      vertex 9.82373 1.95379 37.2806
      vertex 9.82373 4.45037 37.1498
    endloop
  endfacet
  facet normal 0.442316 0.0469143 0.895632
    outer loop
      vertex 9.82373 1.95379 37.2806
      vertex 9.60734 4.45595 37.2564
      vertex 9.06638 1.97334 37.6536
    endloop
  endfacet
  facet normal -0.442388 0.0469577 0.895594
    outer loop
      vertex 17.15 4.4755 37.6293
      vertex 16.9336 1.97334 37.6536
      vertex 17.15 1.97893 37.7602
    endloop
  endfacet
  facet normal -0.442244 0.0469459 0.895665
    outer loop
      vertex 16.9336 1.97334 37.6536
      vertex 17.15 4.4755 37.6293
      vertex 16.3927 4.45595 37.2564
    endloop
  endfacet
  facet normal -0.442276 -0.0469606 -0.895649
    outer loop
      vertex 16.1763 2.75644 52.596
      vertex 17.15 5.22788 51.9856
      vertex 17.15 2.73131 52.1165
    endloop
  endfacet
  facet normal -0.44235 -0.0469229 -0.895614
    outer loop
      vertex 17.15 5.22788 51.9856
      vertex 16.1763 2.75644 52.596
      vertex 16.1763 5.25301 52.4652
    endloop
  endfacet
  facet normal 0.946915 -0.321484 0
    outer loop
      vertex -18.6421 18.44 4
      vertex -18.5706 18.6506 0
      vertex -18.5706 18.6506 4
    endloop
  endfacet
  facet normal 0.946915 -0.321484 0
    outer loop
      vertex -18.5706 18.6506 0
      vertex -18.6421 18.44 4
      vertex -18.6421 18.44 0
    endloop
  endfacet
  facet normal 0.997872 0.0652057 0
    outer loop
      vertex -18.6855 9.7781 4
      vertex -18.7 10 0
      vertex -18.7 10 4
    endloop
  endfacet
  facet normal 0.997872 0.0652057 0
    outer loop
      vertex -18.7 10 0
      vertex -18.6855 9.7781 4
      vertex -18.6855 9.7781 0
    endloop
  endfacet
  facet normal -1 0 0
    outer loop
      vertex -15.3 10 0
      vertex -15.3 18 4
      vertex -15.3 18 0
    endloop
  endfacet
  facet normal -1 -0 0
    outer loop
      vertex -15.3 18 4
      vertex -15.3 10 0
      vertex -15.3 10 4
    endloop
  endfacet
  facet normal 0.946901 0.321525 0
    outer loop
      vertex -18.5706 9.34944 4
      vertex -18.6421 9.56001 0
      vertex -18.6421 9.56001 4
    endloop
  endfacet
  facet normal 0.946901 0.321525 0
    outer loop
      vertex -18.6421 9.56001 0
      vertex -18.5706 9.34944 4
      vertex -18.5706 9.34944 0
    endloop
  endfacet
  facet normal -0.321484 -0.946915 0
    outer loop
      vertex -16.56 19.6421 0
      vertex -16.3494 19.5706 4
      vertex -16.56 19.6421 4
    endloop
  endfacet
  facet normal -0.321484 -0.946915 -0
    outer loop
      vertex -16.3494 19.5706 4
      vertex -16.56 19.6421 0
      vertex -16.3494 19.5706 0
    endloop
  endfacet
  facet normal -0.98077 -0.195165 0
    outer loop
      vertex -15.3145 18.2219 0
      vertex -15.3579 18.44 4
      vertex -15.3579 18.44 0
    endloop
  endfacet
  facet normal -0.98077 -0.195165 0
    outer loop
      vertex -15.3579 18.44 4
      vertex -15.3145 18.2219 0
      vertex -15.3145 18.2219 4
    endloop
  endfacet
  facet normal 1 -0 0
    outer loop
      vertex -18.7 10 4
      vertex -18.7 18 0
      vertex -18.7 18 4
    endloop
  endfacet
  facet normal 1 0 0
    outer loop
      vertex -18.7 18 0
      vertex -18.7 10 4
      vertex -18.7 10 0
    endloop
  endfacet
  facet normal 0.980769 0.195173 0
    outer loop
      vertex -18.6421 9.56001 4
      vertex -18.6855 9.7781 0
      vertex -18.6855 9.7781 4
    endloop
  endfacet
  facet normal 0.980769 0.195173 0
    outer loop
      vertex -18.6855 9.7781 0
      vertex -18.6421 9.56001 4
      vertex -18.6421 9.56001 0
    endloop
  endfacet
  facet normal 0.997872 -0.0652057 0
    outer loop
      vertex -18.7 18 4
      vertex -18.6855 18.2219 0
      vertex -18.6855 18.2219 4
    endloop
  endfacet
  facet normal 0.997872 -0.0652057 0
    outer loop
      vertex -18.6855 18.2219 0
      vertex -18.7 18 4
      vertex -18.7 18 0
    endloop
  endfacet
  facet normal -0.980769 0.195173 0
    outer loop
      vertex -15.3579 9.56001 0
      vertex -15.3145 9.7781 4
      vertex -15.3145 9.7781 0
    endloop
  endfacet
  facet normal -0.980769 0.195173 0
    outer loop
      vertex -15.3145 9.7781 4
      vertex -15.3579 9.56001 0
      vertex -15.3579 9.56001 4
    endloop
  endfacet
  facet normal -0.442386 0.896825 0
    outer loop
      vertex -16.15 8.52776 0
      vertex -16.3494 8.4294 4
      vertex -16.15 8.52776 4
    endloop
  endfacet
  facet normal -0.442386 0.896825 0
    outer loop
      vertex -16.3494 8.4294 4
      vertex -16.15 8.52776 0
      vertex -16.3494 8.4294 0
    endloop
  endfacet
  facet normal -0.555426 -0.831566 0
    outer loop
      vertex -16.15 19.4722 0
      vertex -15.9651 19.3487 4
      vertex -16.15 19.4722 4
    endloop
  endfacet
  facet normal -0.555426 -0.831566 -0
    outer loop
      vertex -15.9651 19.3487 4
      vertex -16.15 19.4722 0
      vertex -15.9651 19.3487 0
    endloop
  endfacet
  facet normal 0.98077 -0.195165 0
    outer loop
      vertex -18.6855 18.2219 4
      vertex -18.6421 18.44 0
      vertex -18.6421 18.44 4
    endloop
  endfacet
  facet normal 0.98077 -0.195165 0
    outer loop
      vertex -18.6421 18.44 0
      vertex -18.6855 18.2219 4
      vertex -18.6855 18.2219 0
    endloop
  endfacet
  facet normal 0.195165 -0.98077 0
    outer loop
      vertex -17.44 19.6421 0
      vertex -17.2219 19.6855 4
      vertex -17.44 19.6421 4
    endloop
  endfacet
  facet normal 0.195165 -0.98077 0
    outer loop
      vertex -17.2219 19.6855 4
      vertex -17.44 19.6421 0
      vertex -17.2219 19.6855 0
    endloop
  endfacet
  facet normal -0.831552 0.555447 0
    outer loop
      vertex -15.6513 8.96511 0
      vertex -15.5278 9.15 4
      vertex -15.5278 9.15 0
    endloop
  endfacet
  facet normal -0.831552 0.555447 0
    outer loop
      vertex -15.5278 9.15 4
      vertex -15.6513 8.96511 0
      vertex -15.6513 8.96511 4
    endloop
  endfacet
  facet normal -0.997872 0.0652057 0
    outer loop
      vertex -15.3145 9.7781 0
      vertex -15.3 10 4
      vertex -15.3 10 0
    endloop
  endfacet
  facet normal -0.997872 0.0652057 0
    outer loop
      vertex -15.3 10 4
      vertex -15.3145 9.7781 0
      vertex -15.3145 9.7781 4
    endloop
  endfacet
  facet normal -0.946915 -0.321484 0
    outer loop
      vertex -15.3579 18.44 0
      vertex -15.4294 18.6506 4
      vertex -15.4294 18.6506 0
    endloop
  endfacet
  facet normal -0.946915 -0.321484 0
    outer loop
      vertex -15.4294 18.6506 4
      vertex -15.3579 18.44 0
      vertex -15.3579 18.44 4
    endloop
  endfacet
  facet normal -0.659319 0.751863 0
    outer loop
      vertex -15.7979 8.79792 0
      vertex -15.9651 8.6513 4
      vertex -15.7979 8.79792 4
    endloop
  endfacet
  facet normal -0.659319 0.751863 0
    outer loop
      vertex -15.9651 8.6513 4
      vertex -15.7979 8.79792 0
      vertex -15.9651 8.6513 0
    endloop
  endfacet
  facet normal 0.751908 -0.659268 0
    outer loop
      vertex -18.3487 19.0349 4
      vertex -18.2021 19.2021 0
      vertex -18.2021 19.2021 4
    endloop
  endfacet
  facet normal 0.751908 -0.659268 0
    outer loop
      vertex -18.2021 19.2021 0
      vertex -18.3487 19.0349 4
      vertex -18.3487 19.0349 0
    endloop
  endfacet
  facet normal -0.896754 -0.44253 0
    outer loop
      vertex -15.4294 18.6506 0
      vertex -15.5278 18.85 4
      vertex -15.5278 18.85 0
    endloop
  endfacet
  facet normal -0.896754 -0.44253 0
    outer loop
      vertex -15.5278 18.85 4
      vertex -15.4294 18.6506 0
      vertex -15.4294 18.6506 4
    endloop
  endfacet
  facet normal -0.0653848 0.99786 0
    outer loop
      vertex -16.7781 8.31454 0
      vertex -17 8.3 4
      vertex -16.7781 8.31454 4
    endloop
  endfacet
  facet normal -0.0653848 0.99786 0
    outer loop
      vertex -17 8.3 4
      vertex -16.7781 8.31454 0
      vertex -17 8.3 0
    endloop
  endfacet
  facet normal 0.831552 0.555447 0
    outer loop
      vertex -18.3487 8.96511 4
      vertex -18.4722 9.15 0
      vertex -18.4722 9.15 4
    endloop
  endfacet
  facet normal 0.831552 0.555447 0
    outer loop
      vertex -18.4722 9.15 0
      vertex -18.3487 8.96511 4
      vertex -18.3487 8.96511 0
    endloop
  endfacet
  facet normal -0.831566 -0.555426 0
    outer loop
      vertex -15.5278 18.85 0
      vertex -15.6513 19.0349 4
      vertex -15.6513 19.0349 0
    endloop
  endfacet
  facet normal -0.831566 -0.555426 0
    outer loop
      vertex -15.6513 19.0349 4
      vertex -15.5278 18.85 0
      vertex -15.5278 18.85 4
    endloop
  endfacet
  facet normal 0.659319 0.751863 -0
    outer loop
      vertex -18.0349 8.6513 0
      vertex -18.2021 8.79792 4
      vertex -18.0349 8.6513 4
    endloop
  endfacet
  facet normal 0.659319 0.751863 0
    outer loop
      vertex -18.2021 8.79792 4
      vertex -18.0349 8.6513 0
      vertex -18.2021 8.79792 0
    endloop
  endfacet
  facet normal 0.751888 0.659291 0
    outer loop
      vertex -18.2021 8.79792 4
      vertex -18.3487 8.96511 0
      vertex -18.3487 8.96511 4
    endloop
  endfacet
  facet normal 0.751888 0.659291 0
    outer loop
      vertex -18.3487 8.96511 0
      vertex -18.2021 8.79792 4
      vertex -18.2021 8.79792 0
    endloop
  endfacet
  facet normal 0.555551 0.831483 -0
    outer loop
      vertex -17.85 8.52776 0
      vertex -18.0349 8.6513 4
      vertex -17.85 8.52776 4
    endloop
  endfacet
  facet normal 0.555551 0.831483 0
    outer loop
      vertex -18.0349 8.6513 4
      vertex -17.85 8.52776 0
      vertex -18.0349 8.6513 0
    endloop
  endfacet
  facet normal 0.321363 0.946956 -0
    outer loop
      vertex -17.44 8.35793 0
      vertex -17.6506 8.4294 4
      vertex -17.44 8.35793 4
    endloop
  endfacet
  facet normal 0.321363 0.946956 0
    outer loop
      vertex -17.6506 8.4294 4
      vertex -17.44 8.35793 0
      vertex -17.6506 8.4294 0
    endloop
  endfacet
  facet normal -0.195165 -0.98077 0
    outer loop
      vertex -16.7781 19.6855 0
      vertex -16.56 19.6421 4
      vertex -16.7781 19.6855 4
    endloop
  endfacet
  facet normal -0.195165 -0.98077 -0
    outer loop
      vertex -16.56 19.6421 4
      vertex -16.7781 19.6855 0
      vertex -16.56 19.6421 0
    endloop
  endfacet
  facet normal 0.659268 -0.751908 0
    outer loop
      vertex -18.2021 19.2021 0
      vertex -18.0349 19.3487 4
      vertex -18.2021 19.2021 4
    endloop
  endfacet
  facet normal 0.659268 -0.751908 0
    outer loop
      vertex -18.0349 19.3487 4
      vertex -18.2021 19.2021 0
      vertex -18.0349 19.3487 0
    endloop
  endfacet
  facet normal -0.44253 -0.896754 0
    outer loop
      vertex -16.3494 19.5706 0
      vertex -16.15 19.4722 4
      vertex -16.3494 19.5706 4
    endloop
  endfacet
  facet normal -0.44253 -0.896754 -0
    outer loop
      vertex -16.15 19.4722 4
      vertex -16.3494 19.5706 0
      vertex -16.15 19.4722 0
    endloop
  endfacet
  facet normal -0.751888 0.659291 0
    outer loop
      vertex -15.7979 8.79792 0
      vertex -15.6513 8.96511 4
      vertex -15.6513 8.96511 0
    endloop
  endfacet
  facet normal -0.751888 0.659291 0
    outer loop
      vertex -15.6513 8.96511 4
      vertex -15.7979 8.79792 0
      vertex -15.7979 8.79792 4
    endloop
  endfacet
  facet normal 0.0652057 -0.997872 0
    outer loop
      vertex -17.2219 19.6855 0
      vertex -17 19.7 4
      vertex -17.2219 19.6855 4
    endloop
  endfacet
  facet normal 0.0652057 -0.997872 0
    outer loop
      vertex -17 19.7 4
      vertex -17.2219 19.6855 0
      vertex -17 19.7 0
    endloop
  endfacet
  facet normal -0.896789 0.442459 0
    outer loop
      vertex -15.5278 9.15 0
      vertex -15.4294 9.34944 4
      vertex -15.4294 9.34944 0
    endloop
  endfacet
  facet normal -0.896789 0.442459 0
    outer loop
      vertex -15.4294 9.34944 4
      vertex -15.5278 9.15 0
      vertex -15.5278 9.15 4
    endloop
  endfacet
  facet normal 0.321484 -0.946915 0
    outer loop
      vertex -17.6506 19.5706 0
      vertex -17.44 19.6421 4
      vertex -17.6506 19.5706 4
    endloop
  endfacet
  facet normal 0.321484 -0.946915 0
    outer loop
      vertex -17.44 19.6421 4
      vertex -17.6506 19.5706 0
      vertex -17.44 19.6421 0
    endloop
  endfacet
  facet normal -0.946901 0.321525 0
    outer loop
      vertex -15.4294 9.34944 0
      vertex -15.3579 9.56001 4
      vertex -15.3579 9.56001 0
    endloop
  endfacet
  facet normal -0.946901 0.321525 0
    outer loop
      vertex -15.3579 9.56001 4
      vertex -15.4294 9.34944 0
      vertex -15.4294 9.34944 4
    endloop
  endfacet
  facet normal -0.0652057 -0.997872 0
    outer loop
      vertex -17 19.7 0
      vertex -16.7781 19.6855 4
      vertex -17 19.7 4
    endloop
  endfacet
  facet normal -0.0652057 -0.997872 -0
    outer loop
      vertex -16.7781 19.6855 4
      vertex -17 19.7 0
      vertex -16.7781 19.6855 0
    endloop
  endfacet
  facet normal 0.44253 -0.896754 0
    outer loop
      vertex -17.85 19.4722 0
      vertex -17.6506 19.5706 4
      vertex -17.85 19.4722 4
    endloop
  endfacet
  facet normal 0.44253 -0.896754 0
    outer loop
      vertex -17.6506 19.5706 4
      vertex -17.85 19.4722 0
      vertex -17.6506 19.5706 0
    endloop
  endfacet
  facet normal -0.751908 -0.659268 0
    outer loop
      vertex -15.6513 19.0349 0
      vertex -15.7979 19.2021 4
      vertex -15.7979 19.2021 0
    endloop
  endfacet
  facet normal -0.751908 -0.659268 0
    outer loop
      vertex -15.7979 19.2021 4
      vertex -15.6513 19.0349 0
      vertex -15.6513 19.0349 4
    endloop
  endfacet
  facet normal -0.659268 -0.751908 0
    outer loop
      vertex -15.9651 19.3487 0
      vertex -15.7979 19.2021 4
      vertex -15.9651 19.3487 4
    endloop
  endfacet
  facet normal -0.659268 -0.751908 -0
    outer loop
      vertex -15.7979 19.2021 4
      vertex -15.9651 19.3487 0
      vertex -15.7979 19.2021 0
    endloop
  endfacet
  facet normal -0.997872 -0.0652057 0
    outer loop
      vertex -15.3 18 0
      vertex -15.3145 18.2219 4
      vertex -15.3145 18.2219 0
    endloop
  endfacet
  facet normal -0.997872 -0.0652057 0
    outer loop
      vertex -15.3145 18.2219 4
      vertex -15.3 18 0
      vertex -15.3 18 4
    endloop
  endfacet
  facet normal 0.0653848 0.99786 -0
    outer loop
      vertex -17 8.3 0
      vertex -17.2219 8.31454 4
      vertex -17 8.3 4
    endloop
  endfacet
  facet normal 0.0653848 0.99786 0
    outer loop
      vertex -17.2219 8.31454 4
      vertex -17 8.3 0
      vertex -17.2219 8.31454 0
    endloop
  endfacet
  facet normal -0.321363 0.946956 0
    outer loop
      vertex -16.3494 8.4294 0
      vertex -16.56 8.35793 4
      vertex -16.3494 8.4294 4
    endloop
  endfacet
  facet normal -0.321363 0.946956 0
    outer loop
      vertex -16.56 8.35793 4
      vertex -16.3494 8.4294 0
      vertex -16.56 8.35793 0
    endloop
  endfacet
  facet normal 0.831566 -0.555426 0
    outer loop
      vertex -18.4722 18.85 4
      vertex -18.3487 19.0349 0
      vertex -18.3487 19.0349 4
    endloop
  endfacet
  facet normal 0.831566 -0.555426 0
    outer loop
      vertex -18.3487 19.0349 0
      vertex -18.4722 18.85 4
      vertex -18.4722 18.85 0
    endloop
  endfacet
  facet normal 0.555426 -0.831566 0
    outer loop
      vertex -18.0349 19.3487 0
      vertex -17.85 19.4722 4
      vertex -18.0349 19.3487 4
    endloop
  endfacet
  facet normal 0.555426 -0.831566 0
    outer loop
      vertex -17.85 19.4722 4
      vertex -18.0349 19.3487 0
      vertex -17.85 19.4722 0
    endloop
  endfacet
  facet normal -0.195122 0.980779 0
    outer loop
      vertex -16.56 8.35793 0
      vertex -16.7781 8.31454 4
      vertex -16.56 8.35793 4
    endloop
  endfacet
  facet normal -0.195122 0.980779 0
    outer loop
      vertex -16.7781 8.31454 4
      vertex -16.56 8.35793 0
      vertex -16.7781 8.31454 0
    endloop
  endfacet
  facet normal 0.896789 0.442459 0
    outer loop
      vertex -18.4722 9.15 4
      vertex -18.5706 9.34944 0
      vertex -18.5706 9.34944 4
    endloop
  endfacet
  facet normal 0.896789 0.442459 0
    outer loop
      vertex -18.5706 9.34944 0
      vertex -18.4722 9.15 4
      vertex -18.4722 9.15 0
    endloop
  endfacet
  facet normal 0.442386 0.896825 -0
    outer loop
      vertex -17.6506 8.4294 0
      vertex -17.85 8.52776 4
      vertex -17.6506 8.4294 4
    endloop
  endfacet
  facet normal 0.442386 0.896825 0
    outer loop
      vertex -17.85 8.52776 4
      vertex -17.6506 8.4294 0
      vertex -17.85 8.52776 0
    endloop
  endfacet
  facet normal 0.896754 -0.44253 0
    outer loop
      vertex -18.5706 18.6506 4
      vertex -18.4722 18.85 0
      vertex -18.4722 18.85 4
    endloop
  endfacet
  facet normal 0.896754 -0.44253 0
    outer loop
      vertex -18.4722 18.85 0
      vertex -18.5706 18.6506 4
      vertex -18.5706 18.6506 0
    endloop
  endfacet
  facet normal 0.195122 0.980779 -0
    outer loop
      vertex -17.2219 8.31454 0
      vertex -17.44 8.35793 4
      vertex -17.2219 8.31454 4
    endloop
  endfacet
  facet normal 0.195122 0.980779 0
    outer loop
      vertex -17.44 8.35793 4
      vertex -17.2219 8.31454 0
      vertex -17.44 8.35793 0
    endloop
  endfacet
  facet normal -0.555551 0.831483 0
    outer loop
      vertex -15.9651 8.6513 0
      vertex -16.15 8.52776 4
      vertex -15.9651 8.6513 4
    endloop
  endfacet
  facet normal -0.555551 0.831483 0
    outer loop
      vertex -16.15 8.52776 4
      vertex -15.9651 8.6513 0
      vertex -16.15 8.52776 0
    endloop
  endfacet
  facet normal 0.946915 -0.321484 0
    outer loop
      vertex 15.3579 18.44 4
      vertex 15.4294 18.6506 0
      vertex 15.4294 18.6506 4
    endloop
  endfacet
  facet normal 0.946915 -0.321484 0
    outer loop
      vertex 15.4294 18.6506 0
      vertex 15.3579 18.44 4
      vertex 15.3579 18.44 0
    endloop
  endfacet
  facet normal 0.997872 0.0652057 0
    outer loop
      vertex 15.3145 9.7781 4
      vertex 15.3 10 0
      vertex 15.3 10 4
    endloop
  endfacet
  facet normal 0.997872 0.0652057 0
    outer loop
      vertex 15.3 10 0
      vertex 15.3145 9.7781 4
      vertex 15.3145 9.7781 0
    endloop
  endfacet
  facet normal -1 0 0
    outer loop
      vertex 18.7 10 0
      vertex 18.7 18 4
      vertex 18.7 18 0
    endloop
  endfacet
  facet normal -1 -0 0
    outer loop
      vertex 18.7 18 4
      vertex 18.7 10 0
      vertex 18.7 10 4
    endloop
  endfacet
  facet normal 0.946901 0.321525 0
    outer loop
      vertex 15.4294 9.34944 4
      vertex 15.3579 9.56001 0
      vertex 15.3579 9.56001 4
    endloop
  endfacet
  facet normal 0.946901 0.321525 0
    outer loop
      vertex 15.3579 9.56001 0
      vertex 15.4294 9.34944 4
      vertex 15.4294 9.34944 0
    endloop
  endfacet
  facet normal -0.321484 -0.946915 0
    outer loop
      vertex 17.44 19.6421 0
      vertex 17.6506 19.5706 4
      vertex 17.44 19.6421 4
    endloop
  endfacet
  facet normal -0.321484 -0.946915 -0
    outer loop
      vertex 17.6506 19.5706 4
      vertex 17.44 19.6421 0
      vertex 17.6506 19.5706 0
    endloop
  endfacet
  facet normal -0.98077 -0.195165 0
    outer loop
      vertex 18.6855 18.2219 0
      vertex 18.6421 18.44 4
      vertex 18.6421 18.44 0
    endloop
  endfacet
  facet normal -0.98077 -0.195165 0
    outer loop
      vertex 18.6421 18.44 4
      vertex 18.6855 18.2219 0
      vertex 18.6855 18.2219 4
    endloop
  endfacet
  facet normal -0.751888 0.659291 0
    outer loop
      vertex 18.2021 8.79792 0
      vertex 18.3487 8.96511 4
      vertex 18.3487 8.96511 0
    endloop
  endfacet
  facet normal -0.751888 0.659291 0
    outer loop
      vertex 18.3487 8.96511 4
      vertex 18.2021 8.79792 0
      vertex 18.2021 8.79792 4
    endloop
  endfacet
  facet normal 1 -0 0
    outer loop
      vertex 15.3 10 4
      vertex 15.3 18 0
      vertex 15.3 18 4
    endloop
  endfacet
  facet normal 1 0 0
    outer loop
      vertex 15.3 18 0
      vertex 15.3 10 4
      vertex 15.3 10 0
    endloop
  endfacet
  facet normal 0.980769 0.195173 0
    outer loop
      vertex 15.3579 9.56001 4
      vertex 15.3145 9.7781 0
      vertex 15.3145 9.7781 4
    endloop
  endfacet
  facet normal 0.980769 0.195173 0
    outer loop
      vertex 15.3145 9.7781 0
      vertex 15.3579 9.56001 4
      vertex 15.3579 9.56001 0
    endloop
  endfacet
  facet normal 0.997872 -0.0652057 0
    outer loop
      vertex 15.3 18 4
      vertex 15.3145 18.2219 0
      vertex 15.3145 18.2219 4
    endloop
  endfacet
  facet normal 0.997872 -0.0652057 0
    outer loop
      vertex 15.3145 18.2219 0
      vertex 15.3 18 4
      vertex 15.3 18 0
    endloop
  endfacet
  facet normal -0.980769 0.195173 0
    outer loop
      vertex 18.6421 9.56001 0
      vertex 18.6855 9.7781 4
      vertex 18.6855 9.7781 0
    endloop
  endfacet
  facet normal -0.980769 0.195173 0
    outer loop
      vertex 18.6855 9.7781 4
      vertex 18.6421 9.56001 0
      vertex 18.6421 9.56001 4
    endloop
  endfacet
  facet normal -0.442386 0.896825 0
    outer loop
      vertex 17.85 8.52776 0
      vertex 17.6506 8.4294 4
      vertex 17.85 8.52776 4
    endloop
  endfacet
  facet normal -0.442386 0.896825 0
    outer loop
      vertex 17.6506 8.4294 4
      vertex 17.85 8.52776 0
      vertex 17.6506 8.4294 0
    endloop
  endfacet
  facet normal -0.555426 -0.831566 0
    outer loop
      vertex 17.85 19.4722 0
      vertex 18.0349 19.3487 4
      vertex 17.85 19.4722 4
    endloop
  endfacet
  facet normal -0.555426 -0.831566 -0
    outer loop
      vertex 18.0349 19.3487 4
      vertex 17.85 19.4722 0
      vertex 18.0349 19.3487 0
    endloop
  endfacet
  facet normal 0.98077 -0.195165 0
    outer loop
      vertex 15.3145 18.2219 4
      vertex 15.3579 18.44 0
      vertex 15.3579 18.44 4
    endloop
  endfacet
  facet normal 0.98077 -0.195165 0
    outer loop
      vertex 15.3579 18.44 0
      vertex 15.3145 18.2219 4
      vertex 15.3145 18.2219 0
    endloop
  endfacet
  facet normal 0.195165 -0.98077 0
    outer loop
      vertex 16.56 19.6421 0
      vertex 16.7781 19.6855 4
      vertex 16.56 19.6421 4
    endloop
  endfacet
  facet normal 0.195165 -0.98077 0
    outer loop
      vertex 16.7781 19.6855 4
      vertex 16.56 19.6421 0
      vertex 16.7781 19.6855 0
    endloop
  endfacet
  facet normal -0.831552 0.555447 0
    outer loop
      vertex 18.3487 8.96511 0
      vertex 18.4722 9.15 4
      vertex 18.4722 9.15 0
    endloop
  endfacet
  facet normal -0.831552 0.555447 0
    outer loop
      vertex 18.4722 9.15 4
      vertex 18.3487 8.96511 0
      vertex 18.3487 8.96511 4
    endloop
  endfacet
  facet normal -0.997872 0.0652057 0
    outer loop
      vertex 18.6855 9.7781 0
      vertex 18.7 10 4
      vertex 18.7 10 0
    endloop
  endfacet
  facet normal -0.997872 0.0652057 0
    outer loop
      vertex 18.7 10 4
      vertex 18.6855 9.7781 0
      vertex 18.6855 9.7781 4
    endloop
  endfacet
  facet normal -0.946915 -0.321484 0
    outer loop
      vertex 18.6421 18.44 0
      vertex 18.5706 18.6506 4
      vertex 18.5706 18.6506 0
    endloop
  endfacet
  facet normal -0.946915 -0.321484 0
    outer loop
      vertex 18.5706 18.6506 4
      vertex 18.6421 18.44 0
      vertex 18.6421 18.44 4
    endloop
  endfacet
  facet normal -0.659319 0.751863 0
    outer loop
      vertex 18.2021 8.79792 0
      vertex 18.0349 8.6513 4
      vertex 18.2021 8.79792 4
    endloop
  endfacet
  facet normal -0.659319 0.751863 0
    outer loop
      vertex 18.0349 8.6513 4
      vertex 18.2021 8.79792 0
      vertex 18.0349 8.6513 0
    endloop
  endfacet
  facet normal 0.751908 -0.659268 0
    outer loop
      vertex 15.6513 19.0349 4
      vertex 15.7979 19.2021 0
      vertex 15.7979 19.2021 4
    endloop
  endfacet
  facet normal 0.751908 -0.659268 0
    outer loop
      vertex 15.7979 19.2021 0
      vertex 15.6513 19.0349 4
      vertex 15.6513 19.0349 0
    endloop
  endfacet
  facet normal -0.896754 -0.44253 0
    outer loop
      vertex 18.5706 18.6506 0
      vertex 18.4722 18.85 4
      vertex 18.4722 18.85 0
    endloop
  endfacet
  facet normal -0.896754 -0.44253 0
    outer loop
      vertex 18.4722 18.85 4
      vertex 18.5706 18.6506 0
      vertex 18.5706 18.6506 4
    endloop
  endfacet
  facet normal -0.0653848 0.99786 0
    outer loop
      vertex 17.2219 8.31454 0
      vertex 17 8.3 4
      vertex 17.2219 8.31454 4
    endloop
  endfacet
  facet normal -0.0653848 0.99786 0
    outer loop
      vertex 17 8.3 4
      vertex 17.2219 8.31454 0
      vertex 17 8.3 0
    endloop
  endfacet
  facet normal 0.831552 0.555447 0
    outer loop
      vertex 15.6513 8.96511 4
      vertex 15.5278 9.15 0
      vertex 15.5278 9.15 4
    endloop
  endfacet
  facet normal 0.831552 0.555447 0
    outer loop
      vertex 15.5278 9.15 0
      vertex 15.6513 8.96511 4
      vertex 15.6513 8.96511 0
    endloop
  endfacet
  facet normal -0.831566 -0.555426 0
    outer loop
      vertex 18.4722 18.85 0
      vertex 18.3487 19.0349 4
      vertex 18.3487 19.0349 0
    endloop
  endfacet
  facet normal -0.831566 -0.555426 0
    outer loop
      vertex 18.3487 19.0349 4
      vertex 18.4722 18.85 0
      vertex 18.4722 18.85 4
    endloop
  endfacet
  facet normal 0.659319 0.751863 -0
    outer loop
      vertex 15.9651 8.6513 0
      vertex 15.7979 8.79792 4
      vertex 15.9651 8.6513 4
    endloop
  endfacet
  facet normal 0.659319 0.751863 0
    outer loop
      vertex 15.7979 8.79792 4
      vertex 15.9651 8.6513 0
      vertex 15.7979 8.79792 0
    endloop
  endfacet
  facet normal 0.751888 0.659291 0
    outer loop
      vertex 15.7979 8.79792 4
      vertex 15.6513 8.96511 0
      vertex 15.6513 8.96511 4
    endloop
  endfacet
  facet normal 0.751888 0.659291 0
    outer loop
      vertex 15.6513 8.96511 0
      vertex 15.7979 8.79792 4
      vertex 15.7979 8.79792 0
    endloop
  endfacet
  facet normal 0.555551 0.831483 -0
    outer loop
      vertex 16.15 8.52776 0
      vertex 15.9651 8.6513 4
      vertex 16.15 8.52776 4
    endloop
  endfacet
  facet normal 0.555551 0.831483 0
    outer loop
      vertex 15.9651 8.6513 4
      vertex 16.15 8.52776 0
      vertex 15.9651 8.6513 0
    endloop
  endfacet
  facet normal 0.321363 0.946956 -0
    outer loop
      vertex 16.56 8.35793 0
      vertex 16.3494 8.4294 4
      vertex 16.56 8.35793 4
    endloop
  endfacet
  facet normal 0.321363 0.946956 0
    outer loop
      vertex 16.3494 8.4294 4
      vertex 16.56 8.35793 0
      vertex 16.3494 8.4294 0
    endloop
  endfacet
  facet normal -0.195165 -0.98077 0
    outer loop
      vertex 17.2219 19.6855 0
      vertex 17.44 19.6421 4
      vertex 17.2219 19.6855 4
    endloop
  endfacet
  facet normal -0.195165 -0.98077 -0
    outer loop
      vertex 17.44 19.6421 4
      vertex 17.2219 19.6855 0
      vertex 17.44 19.6421 0
    endloop
  endfacet
  facet normal 0.659268 -0.751908 0
    outer loop
      vertex 15.7979 19.2021 0
      vertex 15.9651 19.3487 4
      vertex 15.7979 19.2021 4
    endloop
  endfacet
  facet normal 0.659268 -0.751908 0
    outer loop
      vertex 15.9651 19.3487 4
      vertex 15.7979 19.2021 0
      vertex 15.9651 19.3487 0
    endloop
  endfacet
  facet normal -0.44253 -0.896754 0
    outer loop
      vertex 17.6506 19.5706 0
      vertex 17.85 19.4722 4
      vertex 17.6506 19.5706 4
    endloop
  endfacet
  facet normal -0.44253 -0.896754 -0
    outer loop
      vertex 17.85 19.4722 4
      vertex 17.6506 19.5706 0
      vertex 17.85 19.4722 0
    endloop
  endfacet
  facet normal 0.0652057 -0.997872 0
    outer loop
      vertex 16.7781 19.6855 0
      vertex 17 19.7 4
      vertex 16.7781 19.6855 4
    endloop
  endfacet
  facet normal 0.0652057 -0.997872 0
    outer loop
      vertex 17 19.7 4
      vertex 16.7781 19.6855 0
      vertex 17 19.7 0
    endloop
  endfacet
  facet normal -0.896789 0.442459 0
    outer loop
      vertex 18.4722 9.15 0
      vertex 18.5706 9.34944 4
      vertex 18.5706 9.34944 0
    endloop
  endfacet
  facet normal -0.896789 0.442459 0
    outer loop
      vertex 18.5706 9.34944 4
      vertex 18.4722 9.15 0
      vertex 18.4722 9.15 4
    endloop
  endfacet
  facet normal 0.321484 -0.946915 0
    outer loop
      vertex 16.3494 19.5706 0
      vertex 16.56 19.6421 4
      vertex 16.3494 19.5706 4
    endloop
  endfacet
  facet normal 0.321484 -0.946915 0
    outer loop
      vertex 16.56 19.6421 4
      vertex 16.3494 19.5706 0
      vertex 16.56 19.6421 0
    endloop
  endfacet
  facet normal -0.946901 0.321525 0
    outer loop
      vertex 18.5706 9.34944 0
      vertex 18.6421 9.56001 4
      vertex 18.6421 9.56001 0
    endloop
  endfacet
  facet normal -0.946901 0.321525 0
    outer loop
      vertex 18.6421 9.56001 4
      vertex 18.5706 9.34944 0
      vertex 18.5706 9.34944 4
    endloop
  endfacet
  facet normal -0.0652057 -0.997872 0
    outer loop
      vertex 17 19.7 0
      vertex 17.2219 19.6855 4
      vertex 17 19.7 4
    endloop
  endfacet
  facet normal -0.0652057 -0.997872 -0
    outer loop
      vertex 17.2219 19.6855 4
      vertex 17 19.7 0
      vertex 17.2219 19.6855 0
    endloop
  endfacet
  facet normal 0.44253 -0.896754 0
    outer loop
      vertex 16.15 19.4722 0
      vertex 16.3494 19.5706 4
      vertex 16.15 19.4722 4
    endloop
  endfacet
  facet normal 0.44253 -0.896754 0
    outer loop
      vertex 16.3494 19.5706 4
      vertex 16.15 19.4722 0
      vertex 16.3494 19.5706 0
    endloop
  endfacet
  facet normal -0.751908 -0.659268 0
    outer loop
      vertex 18.3487 19.0349 0
      vertex 18.2021 19.2021 4
      vertex 18.2021 19.2021 0
    endloop
  endfacet
  facet normal -0.751908 -0.659268 0
    outer loop
      vertex 18.2021 19.2021 4
      vertex 18.3487 19.0349 0
      vertex 18.3487 19.0349 4
    endloop
  endfacet
  facet normal -0.659268 -0.751908 0
    outer loop
      vertex 18.0349 19.3487 0
      vertex 18.2021 19.2021 4
      vertex 18.0349 19.3487 4
    endloop
  endfacet
  facet normal -0.659268 -0.751908 -0
    outer loop
      vertex 18.2021 19.2021 4
      vertex 18.0349 19.3487 0
      vertex 18.2021 19.2021 0
    endloop
  endfacet
  facet normal -0.997872 -0.0652057 0
    outer loop
      vertex 18.7 18 0
      vertex 18.6855 18.2219 4
      vertex 18.6855 18.2219 0
    endloop
  endfacet
  facet normal -0.997872 -0.0652057 0
    outer loop
      vertex 18.6855 18.2219 4
      vertex 18.7 18 0
      vertex 18.7 18 4
    endloop
  endfacet
  facet normal 0.0653848 0.99786 -0
    outer loop
      vertex 17 8.3 0
      vertex 16.7781 8.31454 4
      vertex 17 8.3 4
    endloop
  endfacet
  facet normal 0.0653848 0.99786 0
    outer loop
      vertex 16.7781 8.31454 4
      vertex 17 8.3 0
      vertex 16.7781 8.31454 0
    endloop
  endfacet
  facet normal -0.321363 0.946956 0
    outer loop
      vertex 17.6506 8.4294 0
      vertex 17.44 8.35793 4
      vertex 17.6506 8.4294 4
    endloop
  endfacet
  facet normal -0.321363 0.946956 0
    outer loop
      vertex 17.44 8.35793 4
      vertex 17.6506 8.4294 0
      vertex 17.44 8.35793 0
    endloop
  endfacet
  facet normal 0.831566 -0.555426 0
    outer loop
      vertex 15.5278 18.85 4
      vertex 15.6513 19.0349 0
      vertex 15.6513 19.0349 4
    endloop
  endfacet
  facet normal 0.831566 -0.555426 0
    outer loop
      vertex 15.6513 19.0349 0
      vertex 15.5278 18.85 4
      vertex 15.5278 18.85 0
    endloop
  endfacet
  facet normal 0.555426 -0.831566 0
    outer loop
      vertex 15.9651 19.3487 0
      vertex 16.15 19.4722 4
      vertex 15.9651 19.3487 4
    endloop
  endfacet
  facet normal 0.555426 -0.831566 0
    outer loop
      vertex 16.15 19.4722 4
      vertex 15.9651 19.3487 0
      vertex 16.15 19.4722 0
    endloop
  endfacet
  facet normal -0.195122 0.980779 0
    outer loop
      vertex 17.44 8.35793 0
      vertex 17.2219 8.31454 4
      vertex 17.44 8.35793 4
    endloop
  endfacet
  facet normal -0.195122 0.980779 0
    outer loop
      vertex 17.2219 8.31454 4
      vertex 17.44 8.35793 0
      vertex 17.2219 8.31454 0
    endloop
  endfacet
  facet normal 0.896789 0.442459 0
    outer loop
      vertex 15.5278 9.15 4
      vertex 15.4294 9.34944 0
      vertex 15.4294 9.34944 4
    endloop
  endfacet
  facet normal 0.896789 0.442459 0
    outer loop
      vertex 15.4294 9.34944 0
      vertex 15.5278 9.15 4
      vertex 15.5278 9.15 0
    endloop
  endfacet
  facet normal 0.442386 0.896825 -0
    outer loop
      vertex 16.3494 8.4294 0
      vertex 16.15 8.52776 4
      vertex 16.3494 8.4294 4
    endloop
  endfacet
  facet normal 0.442386 0.896825 0
    outer loop
      vertex 16.15 8.52776 4
      vertex 16.3494 8.4294 0
      vertex 16.15 8.52776 0
    endloop
  endfacet
  facet normal 0.896754 -0.44253 0
    outer loop
      vertex 15.4294 18.6506 4
      vertex 15.5278 18.85 0
      vertex 15.5278 18.85 4
    endloop
  endfacet
  facet normal 0.896754 -0.44253 0
    outer loop
      vertex 15.5278 18.85 0
      vertex 15.4294 18.6506 4
      vertex 15.4294 18.6506 0
    endloop
  endfacet
  facet normal 0.195122 0.980779 -0
    outer loop
      vertex 16.7781 8.31454 0
      vertex 16.56 8.35793 4
      vertex 16.7781 8.31454 4
    endloop
  endfacet
  facet normal 0.195122 0.980779 0
    outer loop
      vertex 16.56 8.35793 4
      vertex 16.7781 8.31454 0
      vertex 16.56 8.35793 0
    endloop
  endfacet
  facet normal -0.555551 0.831483 0
    outer loop
      vertex 18.0349 8.6513 0
      vertex 17.85 8.52776 4
      vertex 18.0349 8.6513 4
    endloop
  endfacet
  facet normal -0.555551 0.831483 0
    outer loop
      vertex 17.85 8.52776 4
      vertex 18.0349 8.6513 0
      vertex 17.85 8.52776 0
    endloop
  endfacet
endsolid OpenSCAD_Model
